a_id,b_id,group_id
0,0,39
1,1,10
2,2,11
3,3,24
4,4,19
5,5,22
6,6,21
7,7,15
8,8,39
9,9,1
10,10,7
11,11,23
12,12,20
13,13,28
14,14,1
15,15,45
16,16,38
17,17,34
18,18,31
19,19,31
20,20,58
21,21,44
22,22,33
23,23,39
24,24,22
25,25,30
26,26,27
27,27,47
28,28,32
29,29,35
30,30,40
31,31,22
32,32,14
33,33,23
34,34,15
35,35,46
36,36,45
37,37,17
38,38,37
39,39,38
40,40,48
41,41,6
42,42,29
43,43,39
44,44,7
45,45,49
46,46,52
47,47,4
48,48,11
49,49,0
50,50,17
51,51,38
52,52,39
53,53,21
54,54,8
55,55,3
56,56,7
57,57,27
58,58,27
59,59,57
60,60,28
61,61,12
62,62,46
63,63,33
64,64,7
65,65,30
66,66,34
67,67,30
68,68,31
69,69,11
70,70,15
71,71,13
72,72,12
73,73,25
74,74,36
75,75,56
76,76,35
77,77,14
78,78,31
79,79,2
80,80,11
81,81,48
82,82,55
83,83,43
84,84,15
85,85,57
86,86,41
87,87,40
88,88,44
89,89,8
90,90,4
91,91,42
92,92,12
93,93,9
94,94,29
95,95,3
96,96,54
97,97,11
98,98,34
99,99,47
100,100,53
101,101,16
102,102,13
103,103,30
104,104,1
105,105,3
106,106,40
107,107,51
108,108,24
109,109,44
110,110,44
111,111,12
112,112,12
113,113,18
114,114,21
115,115,15
116,116,46
117,117,25
118,118,12
119,119,22
120,120,42
121,121,33
122,122,55
123,123,15
124,124,6
125,125,35
126,126,23
127,127,49
128,128,46
129,129,50
130,130,58
131,131,24
132,132,57
133,133,18
134,134,22
135,135,29
136,136,56
137,137,28
138,138,48
139,139,31
140,140,12
141,141,54
142,142,51
143,143,18
144,144,26
145,145,57
146,146,5
147,147,44
148,148,0
149,149,7
150,150,50
151,151,35
152,152,41
153,153,43
154,154,30
155,155,33
156,156,23
157,157,8
158,158,17
159,159,15
160,160,50
161,161,27
162,162,53
163,163,6
164,164,47
165,165,55
166,166,12
167,167,42
168,168,21
169,169,36
170,170,43
171,171,33
172,172,56
173,173,3
174,174,14
175,175,39
176,176,9
177,177,51
178,178,35
179,179,28
180,180,59
181,181,56
182,182,43
183,183,14
184,184,28
185,185,10
186,186,52
187,187,53
188,188,52
189,189,12
190,190,37
191,191,30
192,192,29
193,193,28
194,194,38
195,195,58
196,196,10
197,197,21
198,198,30
199,199,11
200,200,42
201,201,16
202,202,55
203,203,20
204,204,3
205,205,19
206,206,2
207,207,1
208,208,47
209,209,42
210,210,58
211,211,52
212,212,15
213,213,34
214,214,18
215,215,48
216,216,38
217,217,36
218,218,23
219,219,26
220,220,56
221,221,43
222,222,15
223,223,1
224,224,48
225,225,23
226,226,43
227,227,7
228,228,51
229,229,42
230,230,3
231,231,13
232,232,39
233,233,11
234,234,19
235,235,30
236,236,8
237,237,24
238,238,39
239,239,24
240,240,26
241,241,47
242,242,35
243,243,58
244,244,6
245,245,29
246,246,45
247,247,29
248,248,58
249,249,12
250,250,33
251,251,34
252,252,1
253,253,31
254,254,27
255,255,13
256,256,9
257,257,31
258,258,22
259,259,4
260,260,40
261,261,52
262,262,8
263,263,35
264,264,54
265,265,37
266,266,53
267,267,12
268,268,32
269,269,35
270,270,55
271,271,7
272,272,1
273,273,57
274,274,36
275,275,17
276,276,55
277,277,35
278,278,6
279,279,36
280,280,24
281,281,17
282,282,3
283,283,26
284,284,17
285,285,40
286,286,40
287,287,24
288,288,30
289,289,6
290,290,46
291,291,22
292,292,22
293,293,48
294,294,8
295,295,39
296,296,21
297,297,27
298,298,30
299,299,57
300,300,43
301,301,31
302,302,53
303,303,13
304,304,29
305,305,2
306,306,38
307,307,37
308,308,6
309,309,4
310,310,51
311,311,1
312,312,42
313,313,22
314,314,55
315,315,59
316,316,29
317,317,54
318,318,36
319,319,27
320,320,48
321,321,51
322,322,44
323,323,23
324,324,45
325,325,16
326,326,41
327,327,43
328,328,5
329,329,0
330,330,33
331,331,39
332,332,23
333,333,5
334,334,22
335,335,29
336,336,27
337,337,1
338,338,9
339,339,28
340,340,26
341,341,54
342,342,40
343,343,59
344,344,45
345,345,5
346,346,57
347,347,43
348,348,9
349,349,10
350,350,11
351,351,39
352,352,20
353,353,35
354,354,6
355,355,47
356,356,56
357,357,58
358,358,10
359,359,28
360,360,40
361,361,8
362,362,34
363,363,5
364,364,48
365,365,8
366,366,42
367,367,40
368,368,39
369,369,51
370,370,20
371,371,15
372,372,32
373,373,42
374,374,5
375,375,4
376,376,19
377,377,20
378,378,11
379,379,5
380,380,10
381,381,17
382,382,50
383,383,51
384,384,55
385,385,46
386,386,0
387,387,30
388,388,53
389,389,32
390,390,23
391,391,24
392,392,25
393,393,16
394,394,49
395,395,27
396,396,10
397,397,23
398,398,57
399,399,15
400,400,0
401,401,54
402,402,25
403,403,5
404,404,18
405,405,1
406,406,51
407,407,23
408,408,30
409,409,15
410,410,31
411,411,40
412,412,52
413,413,8
414,414,52
415,415,31
416,416,20
417,417,32
418,418,3
419,419,7
420,420,48
421,421,15
422,422,59
423,423,39
424,424,30
425,425,17
426,426,11
427,427,10
428,428,27
429,429,22
430,430,0
431,431,36
432,432,37
433,433,25
434,434,38
435,435,24
436,436,36
437,437,58
438,438,30
439,439,19
440,440,22
441,441,24
442,442,30
443,443,34
444,444,36
445,445,20
446,446,45
447,447,32
448,448,19
449,449,25
450,450,42
451,451,24
452,452,11
453,453,0
454,454,50
455,455,52
456,456,40
457,457,59
458,458,20
459,459,33
460,460,35
461,461,38
462,462,18
463,463,53
464,464,21
465,465,50
466,466,11
467,467,37
468,468,39
469,469,9
470,470,42
471,471,33
472,472,46
473,473,54
474,474,39
475,475,42
476,476,33
477,477,59
478,478,12
479,479,18
480,480,20
481,481,31
482,482,51
483,483,2
484,484,10
485,485,53
486,486,2
487,487,28
488,488,59
489,489,0
490,490,44
491,491,45
492,492,31
493,493,25
494,494,35
495,495,0
496,496,9
497,497,55
498,498,54
499,499,40
500,500,16
501,501,8
502,502,56
503,503,38
504,504,37
505,505,40
506,506,23
507,507,39
508,508,16
509,509,27
510,510,32
511,511,44
512,512,32
513,513,50
514,514,12
515,515,15
516,516,55
517,517,11
518,518,21
519,519,52
520,520,0
521,521,14
522,522,54
523,523,21
524,524,59
525,525,48
526,526,20
527,527,5
528,528,58
529,529,28
530,530,1
531,531,33
532,532,49
533,533,12
534,534,42
535,535,44
536,536,40
537,537,48
538,538,14
539,539,13
540,540,56
541,541,24
542,542,50
543,543,53
544,544,24
545,545,58
546,546,14
547,547,51
548,548,29
549,549,27
550,550,43
551,551,57
552,552,44
553,553,41
554,554,5
555,555,49
556,556,33
557,557,5
558,558,15
559,559,32
560,560,18
561,561,36
562,562,48
563,563,56
564,564,45
565,565,24
566,566,7
567,567,3
568,568,7
569,569,38
570,570,48
571,571,59
572,572,12
573,573,53
574,574,46
575,575,53
576,576,34
577,577,32
578,578,19
579,579,14
580,580,28
581,581,11
582,582,56
583,583,29
584,584,15
585,585,41
586,586,37
587,587,9
588,588,21
589,589,59
590,590,40
591,591,32
592,592,23
593,593,46
594,594,9
595,595,9
596,596,2
597,597,5
598,598,37
599,599,20
600,600,42
601,601,30
602,602,16
603,603,58
604,604,48
605,605,30
606,606,6
607,607,38
608,608,13
609,609,32
610,610,9
611,611,36
612,612,50
613,613,44
614,614,2
615,615,2
616,616,24
617,617,36
618,618,19
619,619,4
620,620,59
621,621,20
622,622,18
623,623,3
624,624,46
625,625,2
626,626,50
627,627,4
628,628,22
629,629,12
630,630,19
631,631,36
632,632,25
633,633,55
634,634,24
635,635,0
636,636,58
637,637,17
638,638,51
639,639,30
640,640,10
641,641,50
642,642,56
643,643,19
644,644,30
645,645,6
646,646,41
647,647,29
648,648,19
649,649,33
650,650,7
651,651,54
652,652,12
653,653,17
654,654,9
655,655,8
656,656,14
657,657,7
658,658,12
659,659,2
660,660,37
661,661,53
662,662,3
663,663,58
664,664,25
665,665,58
666,666,49
667,667,1
668,668,36
669,669,9
670,670,43
671,671,40
672,672,32
673,673,56
674,674,38
675,675,38
676,676,42
677,677,8
678,678,57
679,679,1
680,680,19
681,681,2
682,682,16
683,683,50
684,684,18
685,685,33
686,686,51
687,687,11
688,688,55
689,689,54
690,690,42
691,691,9
692,692,55
693,693,29
694,694,16
695,695,40
696,696,57
697,697,40
698,698,0
699,699,36
700,700,17
701,701,45
702,702,41
703,703,53
704,704,42
705,705,17
706,706,18
707,707,41
708,708,36
709,709,36
710,710,6
711,711,13
712,712,37
713,713,18
714,714,59
715,715,32
716,716,5
717,717,10
718,718,49
719,719,39
720,720,5
721,721,23
722,722,8
723,723,54
724,724,46
725,725,9
726,726,55
727,727,59
728,728,44
729,729,4
730,730,24
731,731,37
732,732,26
733,733,7
734,734,41
735,735,19
736,736,31
737,737,23
738,738,12
739,739,11
740,740,12
741,741,26
742,742,31
743,743,5
744,744,41
745,745,34
746,746,27
747,747,19
748,748,18
749,749,52
750,750,4
751,751,17
752,752,32
753,753,16
754,754,17
755,755,55
756,756,8
757,757,24
758,758,16
759,759,0
760,760,30
761,761,50
762,762,48
763,763,4
764,764,38
765,765,23
766,766,24
767,767,4
768,768,21
769,769,48
770,770,39
771,771,58
772,772,53
773,773,8
774,774,8
775,775,35
776,776,13
777,777,56
778,778,13
779,779,35
780,780,49
781,781,28
782,782,54
783,783,8
784,784,26
785,785,25
786,786,26
787,787,20
788,788,19
789,789,30
790,790,13
791,791,11
792,792,13
793,793,10
794,794,3
795,795,4
796,796,53
797,797,0
798,798,50
799,799,41
800,800,0
801,801,38
802,802,3
803,803,10
804,804,30
805,805,57
806,806,24
807,807,20
808,808,58
809,809,24
810,810,0
811,811,15
812,812,17
813,813,19
814,814,23
815,815,8
816,816,56
817,817,43
818,818,16
819,819,35
820,820,3
821,821,44
822,822,0
823,823,22
824,824,20
825,825,9
826,826,24
827,827,22
828,828,49
829,829,12
830,830,25
831,831,58
832,832,10
833,833,54
834,834,7
835,835,8
836,836,13
837,837,59
838,838,14
839,839,39
840,840,2
841,841,2
842,842,6
843,843,15
844,844,59
845,845,46
846,846,59
847,847,47
848,848,56
849,849,10
850,850,4
851,851,2
852,852,59
853,853,27
854,854,1
855,855,20
856,856,59
857,857,9
858,858,40
859,859,30
860,860,26
861,861,18
862,862,0
863,863,41
864,864,21
865,865,35
866,866,42
867,867,49
868,868,40
869,869,54
870,870,5
871,871,41
872,872,36
873,873,17
874,874,38
875,875,30
876,876,6
877,877,58
878,878,25
879,879,14
880,880,38
881,881,54
882,882,55
883,883,38
884,884,58
885,885,8
886,886,24
887,887,17
888,888,23
889,889,21
890,890,44
891,891,1
892,892,33
893,893,19
894,894,0
895,895,22
896,896,58
897,897,24
898,898,0
899,899,33
900,900,47
901,901,55
902,902,58
903,903,55
904,904,56
905,905,15
906,906,46
907,907,4
908,908,13
909,909,32
910,910,36
911,911,16
912,912,11
913,913,24
914,914,50
915,915,35
916,916,52
917,917,3
918,918,52
919,919,2
920,920,22
921,921,19
922,922,47
923,923,44
924,924,25
925,925,40
926,926,48
927,927,37
928,928,1
929,929,56
930,930,2
931,931,25
932,932,4
933,933,54
934,934,12
935,935,39
936,936,24
937,937,38
938,938,9
939,939,34
940,940,8
941,941,10
942,942,20
943,943,43
944,944,27
945,945,3
946,946,26
947,947,58
948,948,20
949,949,17
950,950,37
951,951,50
952,952,47
953,953,29
954,954,0
955,955,45
956,956,19
957,957,58
958,958,15
959,959,28
960,960,2
961,961,11
962,962,37
963,963,34
964,964,29
965,965,35
966,966,45
967,967,16
968,968,17
969,969,56
970,970,33
971,971,33
972,972,52
973,973,8
974,974,38
975,975,9
976,976,5
977,977,18
978,978,34
979,979,19
980,980,31
981,981,35
982,982,34
983,983,11
984,984,20
985,985,1
986,986,4
987,987,30
988,988,22
989,989,1
990,990,4
991,991,47
992,992,38
993,993,4
994,994,42
995,995,6
996,996,24
997,997,40
998,998,49
999,999,45
1000,1000,16
1001,1001,57
1002,1002,8
1003,1003,1
1004,1004,39
1005,1005,30
1006,1006,51
1007,1007,5
1008,1008,8
1009,1009,47
1010,1010,27
1011,1011,43
1012,1012,21
1013,1013,36
1014,1014,27
1015,1015,37
1016,1016,12
1017,1017,26
1018,1018,56
1019,1019,36
1020,1020,14
1021,1021,58
1022,1022,10
1023,1023,54
1024,1024,35
1025,1025,51
1026,1026,8
1027,1027,51
1028,1028,58
1029,1029,7
1030,1030,8
1031,1031,12
1032,1032,52
1033,1033,55
1034,1034,43
1035,1035,20
1036,1036,20
1037,1037,40
1038,1038,30
1039,1039,37
1040,1040,46
1041,1041,13
1042,1042,38
1043,1043,17
1044,1044,53
1045,1045,3
1046,1046,55
1047,1047,21
1048,1048,43
1049,1049,16
1050,1050,31
1051,1051,52
1052,1052,26
1053,1053,1
1054,1054,52
1055,1055,32
1056,1056,48
1057,1057,35
1058,1058,1
1059,1059,48
1060,1060,17
1061,1061,43
1062,1062,50
1063,1063,22
1064,1064,30
1065,1065,17
1066,1066,44
1067,1067,30
1068,1068,35
1069,1069,1
1070,1070,54
1071,1071,22
1072,1072,23
1073,1073,9
1074,1074,46
1075,1075,59
1076,1076,57
1077,1077,26
1078,1078,7
1079,1079,13
1080,1080,30
1081,1081,19
1082,1082,9
1083,1083,55
1084,1084,9
1085,1085,53
1086,1086,7
1087,1087,38
1088,1088,39
1089,1089,19
1090,1090,10
1091,1091,10
1092,1092,38
1093,1093,41
1094,1094,10
1095,1095,10
1096,1096,58
1097,1097,24
1098,1098,47
1099,1099,20
1100,1100,10
1101,1101,25
1102,1102,43
1103,1103,47
1104,1104,38
1105,1105,51
1106,1106,15
1107,1107,44
1108,1108,48
1109,1109,37
1110,1110,12
1111,1111,5
1112,1112,47
1113,1113,53
1114,1114,4
1115,1115,20
1116,1116,15
1117,1117,50
1118,1118,48
1119,1119,6
1120,1120,38
1121,1121,32
1122,1122,2
1123,1123,10
1124,1124,2
1125,1125,48
1126,1126,52
1127,1127,31
1128,1128,45
1129,1129,1
1130,1130,0
1131,1131,36
1132,1132,20
1133,1133,23
1134,1134,39
1135,1135,32
1136,1136,34
1137,1137,41
1138,1138,16
1139,1139,8
1140,1140,6
1141,1141,49
1142,1142,28
1143,1143,18
1144,1144,55
1145,1145,10
1146,1146,7
1147,1147,4
1148,1148,48
1149,1149,14
1150,1150,2
1151,1151,22
1152,1152,31
1153,1153,5
1154,1154,31
1155,1155,44
1156,1156,27
1157,1157,51
1158,1158,26
1159,1159,7
1160,1160,22
1161,1161,38
1162,1162,36
1163,1163,56
1164,1164,50
1165,1165,26
1166,1166,29
1167,1167,9
1168,1168,59
1169,1169,19
1170,1170,34
1171,1171,17
1172,1172,35
1173,1173,33
1174,1174,16
1175,1175,53
1176,1176,55
1177,1177,44
1178,1178,9
1179,1179,54
1180,1180,45
1181,1181,46
1182,1182,41
1183,1183,25
1184,1184,19
1185,1185,5
1186,1186,43
1187,1187,20
1188,1188,57
1189,1189,56
1190,1190,19
1191,1191,13
1192,1192,31
1193,1193,33
1194,1194,3
1195,1195,10
1196,1196,3
1197,1197,29
1198,1198,42
1199,1199,5
1200,1200,45
1201,1201,26
1202,1202,19
1203,1203,22
1204,1204,12
1205,1205,49
1206,1206,32
1207,1207,29
1208,1208,10
1209,1209,15
1210,1210,52
1211,1211,27
1212,1212,20
1213,1213,18
1214,1214,9
1215,1215,35
1216,1216,39
1217,1217,14
1218,1218,34
1219,1219,16
1220,1220,2
1221,1221,25
1222,1222,31
1223,1223,19
1224,1224,43
1225,1225,38
1226,1226,38
1227,1227,22
1228,1228,23
1229,1229,49
1230,1230,53
1231,1231,42
1232,1232,39
1233,1233,2
1234,1234,53
1235,1235,2
1236,1236,9
1237,1237,27
1238,1238,23
1239,1239,20
1240,1240,24
1241,1241,41
1242,1242,17
1243,1243,49
1244,1244,0
1245,1245,10
1246,1246,41
1247,1247,41
1248,1248,6
1249,1249,47
1250,1250,44
1251,1251,11
1252,1252,5
1253,1253,11
1254,1254,43
1255,1255,46
1256,1256,26
1257,1257,32
1258,1258,32
1259,1259,29
1260,1260,4
1261,1261,25
1262,1262,20
1263,1263,51
1264,1264,5
1265,1265,0
1266,1266,34
1267,1267,30
1268,1268,49
1269,1269,50
1270,1270,37
1271,1271,29
1272,1272,28
1273,1273,3
1274,1274,43
1275,1275,31
1276,1276,36
1277,1277,2
1278,1278,29
1279,1279,27
1280,1280,13
1281,1281,59
1282,1282,19
1283,1283,1
1284,1284,54
1285,1285,52
1286,1286,36
1287,1287,16
1288,1288,32
1289,1289,17
1290,1290,59
1291,1291,26
1292,1292,48
1293,1293,59
1294,1294,20
1295,1295,22
1296,1296,50
1297,1297,56
1298,1298,14
1299,1299,41
1300,1300,26
1301,1301,50
1302,1302,38
1303,1303,58
1304,1304,2
1305,1305,52
1306,1306,49
1307,1307,1
1308,1308,36
1309,1309,17
1310,1310,15
1311,1311,5
1312,1312,20
1313,1313,36
1314,1314,25
1315,1315,12
1316,1316,43
1317,1317,39
1318,1318,39
1319,1319,3
1320,1320,9
1321,1321,20
1322,1322,35
1323,1323,49
1324,1324,7
1325,1325,36
1326,1326,4
1327,1327,29
1328,1328,10
1329,1329,0
1330,1330,38
1331,1331,45
1332,1332,47
1333,1333,10
1334,1334,51
1335,1335,29
1336,1336,39
1337,1337,13
1338,1338,26
1339,1339,40
1340,1340,28
1341,1341,9
1342,1342,11
1343,1343,31
1344,1344,45
1345,1345,43
1346,1346,56
1347,1347,19
1348,1348,55
1349,1349,34
1350,1350,42
1351,1351,40
1352,1352,1
1353,1353,46
1354,1354,4
1355,1355,38
1356,1356,43
1357,1357,8
1358,1358,46
1359,1359,59
1360,1360,21
1361,1361,55
1362,1362,26
1363,1363,31
1364,1364,31
1365,1365,36
1366,1366,13
1367,1367,16
1368,1368,40
1369,1369,49
1370,1370,22
1371,1371,24
1372,1372,23
1373,1373,38
1374,1374,19
1375,1375,30
1376,1376,49
1377,1377,35
1378,1378,33
1379,1379,13
1380,1380,28
1381,1381,3
1382,1382,8
1383,1383,9
1384,1384,44
1385,1385,42
1386,1386,45
1387,1387,31
1388,1388,2
1389,1389,34
1390,1390,45
1391,1391,13
1392,1392,21
1393,1393,4
1394,1394,12
1395,1395,24
1396,1396,52
1397,1397,47
1398,1398,20
1399,1399,18
1400,1400,31
1401,1401,33
1402,1402,56
1403,1403,58
1404,1404,0
1405,1405,23
1406,1406,53
1407,1407,45
1408,1408,10
1409,1409,28
1410,1410,27
1411,1411,57
1412,1412,36
1413,1413,13
1414,1414,31
1415,1415,32
1416,1416,21
1417,1417,43
1418,1418,28
1419,1419,22
1420,1420,1
1421,1421,50
1422,1422,45
1423,1423,12
1424,1424,8
1425,1425,30
1426,1426,57
1427,1427,4
1428,1428,57
1429,1429,52
1430,1430,18
1431,1431,26
1432,1432,33
1433,1433,1
1434,1434,5
1435,1435,32
1436,1436,50
1437,1437,53
1438,1438,5
1439,1439,14
1440,1440,36
1441,1441,39
1442,1442,5
1443,1443,1
1444,1444,7
1445,1445,18
1446,1446,37
1447,1447,0
1448,1448,43
1449,1449,6
1450,1450,58
1451,1451,36
1452,1452,9
1453,1453,46
1454,1454,29
1455,1455,58
1456,1456,28
1457,1457,26
1458,1458,9
1459,1459,49
1460,1460,55
1461,1461,36
1462,1462,51
1463,1463,51
1464,1464,21
1465,1465,40
1466,1466,21
1467,1467,6
1468,1468,40
1469,1469,29
1470,1470,10
1471,1471,54
1472,1472,52
1473,1473,48
1474,1474,13
1475,1475,32
1476,1476,55
1477,1477,52
1478,1478,48
1479,1479,59
1480,1480,47
1481,1481,43
1482,1482,59
1483,1483,16
1484,1484,22
1485,1485,0
1486,1486,55
1487,1487,43
1488,1488,32
1489,1489,43
1490,1490,39
1491,1491,40
1492,1492,40
1493,1493,13
1494,1494,23
1495,1495,4
1496,1496,44
1497,1497,52
1498,1498,28
1499,1499,51
1500,1500,43
1501,1501,25
1502,1502,13
1503,1503,27
1504,1504,44
1505,1505,41
1506,1506,40
1507,1507,48
1508,1508,25
1509,1509,14
1510,1510,28
1511,1511,20
1512,1512,20
1513,1513,22
1514,1514,31
1515,1515,14
1516,1516,54
1517,1517,51
1518,1518,7
1519,1519,5
1520,1520,55
1521,1521,56
1522,1522,3
1523,1523,2
1524,1524,39
1525,1525,14
1526,1526,53
1527,1527,45
1528,1528,16
1529,1529,28
1530,1530,48
1531,1531,8
1532,1532,25
1533,1533,27
1534,1534,45
1535,1535,7
1536,1536,4
1537,1537,25
1538,1538,16
1539,1539,18
1540,1540,56
1541,1541,54
1542,1542,26
1543,1543,14
1544,1544,24
1545,1545,42
1546,1546,50
1547,1547,17
1548,1548,54
1549,1549,54
1550,1550,59
1551,1551,34
1552,1552,10
1553,1553,11
1554,1554,8
1555,1555,14
1556,1556,21
1557,1557,3
1558,1558,17
1559,1559,52
1560,1560,10
1561,1561,39
1562,1562,2
1563,1563,45
1564,1564,33
1565,1565,3
1566,1566,4
1567,1567,39
1568,1568,4
1569,1569,42
1570,1570,30
1571,1571,30
1572,1572,28
1573,1573,7
1574,1574,49
1575,1575,51
1576,1576,19
1577,1577,41
1578,1578,54
1579,1579,25
1580,1580,38
1581,1581,55
1582,1582,8
1583,1583,52
1584,1584,44
1585,1585,49
1586,1586,5
1587,1587,9
1588,1588,52
1589,1589,47
1590,1590,37
1591,1591,56
1592,1592,0
1593,1593,24
1594,1594,21
1595,1595,53
1596,1596,20
1597,1597,26
1598,1598,25
1599,1599,51
1600,1600,30
1601,1601,13
1602,1602,8
1603,1603,5
1604,1604,42
1605,1605,13
1606,1606,20
1607,1607,15
1608,1608,52
1609,1609,21
1610,1610,51
1611,1611,1
1612,1612,57
1613,1613,57
1614,1614,53
1615,1615,54
1616,1616,29
1617,1617,35
1618,1618,21
1619,1619,4
1620,1620,21
1621,1621,53
1622,1622,33
1623,1623,31
1624,1624,43
1625,1625,51
1626,1626,54
1627,1627,42
1628,1628,54
1629,1629,33
1630,1630,19
1631,1631,47
1632,1632,34
1633,1633,32
1634,1634,39
1635,1635,19
1636,1636,31
1637,1637,38
1638,1638,2
1639,1639,13
1640,1640,45
1641,1641,49
1642,1642,37
1643,1643,34
1644,1644,57
1645,1645,28
1646,1646,56
1647,1647,31
1648,1648,21
1649,1649,20
1650,1650,24
1651,1651,55
1652,1652,28
1653,1653,37
1654,1654,45
1655,1655,30
1656,1656,41
1657,1657,30
1658,1658,10
1659,1659,49
1660,1660,11
1661,1661,42
1662,1662,11
1663,1663,22
1664,1664,40
1665,1665,15
1666,1666,1
1667,1667,13
1668,1668,45
1669,1669,5
1670,1670,20
1671,1671,15
1672,1672,19
1673,1673,26
1674,1674,35
1675,1675,25
1676,1676,26
1677,1677,34
1678,1678,40
1679,1679,47
1680,1680,51
1681,1681,45
1682,1682,30
1683,1683,37
1684,1684,55
1685,1685,24
1686,1686,42
1687,1687,6
1688,1688,38
1689,1689,46
1690,1690,17
1691,1691,53
1692,1692,42
1693,1693,41
1694,1694,50
1695,1695,48
1696,1696,40
1697,1697,13
1698,1698,28
1699,1699,48
1700,1700,56
1701,1701,47
1702,1702,9
1703,1703,41
1704,1704,26
1705,1705,7
1706,1706,17
1707,1707,21
1708,1708,43
1709,1709,48
1710,1710,32
1711,1711,16
1712,1712,20
1713,1713,30
1714,1714,11
1715,1715,5
1716,1716,24
1717,1717,54
1718,1718,10
1719,1719,41
1720,1720,20
1721,1721,59
1722,1722,39
1723,1723,17
1724,1724,5
1725,1725,15
1726,1726,11
1727,1727,10
1728,1728,10
1729,1729,25
1730,1730,3
1731,1731,2
1732,1732,18
1733,1733,12
1734,1734,44
1735,1735,10
1736,1736,43
1737,1737,19
1738,1738,52
1739,1739,26
1740,1740,28
1741,1741,32
1742,1742,17
1743,1743,23
1744,1744,41
1745,1745,47
1746,1746,31
1747,1747,58
1748,1748,3
1749,1749,8
1750,1750,50
1751,1751,54
1752,1752,26
1753,1753,49
1754,1754,12
1755,1755,49
1756,1756,30
1757,1757,29
1758,1758,59
1759,1759,53
1760,1760,38
1761,1761,38
1762,1762,13
1763,1763,10
1764,1764,16
1765,1765,28
1766,1766,30
1767,1767,38
1768,1768,29
1769,1769,1
1770,1770,35
1771,1771,9
1772,1772,24
1773,1773,26
1774,1774,47
1775,1775,0
1776,1776,42
1777,1777,33
1778,1778,30
1779,1779,19
1780,1780,18
1781,1781,46
1782,1782,17
1783,1783,51
1784,1784,0
1785,1785,31
1786,1786,31
1787,1787,37
1788,1788,3
1789,1789,53
1790,1790,13
1791,1791,42
1792,1792,6
1793,1793,12
1794,1794,19
1795,1795,18
1796,1796,51
1797,1797,35
1798,1798,12
1799,1799,48
1800,1800,32
1801,1801,13
1802,1802,34
1803,1803,25
1804,1804,39
1805,1805,34
1806,1806,18
1807,1807,18
1808,1808,15
1809,1809,14
1810,1810,32
1811,1811,6
1812,1812,37
1813,1813,57
1814,1814,17
1815,1815,51
1816,1816,28
1817,1817,2
1818,1818,16
1819,1819,49
1820,1820,39
1821,1821,30
1822,1822,19
1823,1823,22
1824,1824,50
1825,1825,29
1826,1826,32
1827,1827,29
1828,1828,6
1829,1829,58
1830,1830,34
1831,1831,21
1832,1832,49
1833,1833,14
1834,1834,34
1835,1835,14
1836,1836,33
1837,1837,52
1838,1838,33
1839,1839,48
1840,1840,12
1841,1841,12
1842,1842,46
1843,1843,13
1844,1844,5
1845,1845,42
1846,1846,28
1847,1847,15
1848,1848,34
1849,1849,59
1850,1850,58
1851,1851,47
1852,1852,14
1853,1853,16
1854,1854,7
1855,1855,3
1856,1856,59
1857,1857,32
1858,1858,51
1859,1859,26
1860,1860,30
1861,1861,56
1862,1862,58
1863,1863,44
1864,1864,1
1865,1865,51
1866,1866,33
1867,1867,4
1868,1868,50
1869,1869,12
1870,1870,34
1871,1871,35
1872,1872,25
1873,1873,11
1874,1874,8
1875,1875,19
1876,1876,38
1877,1877,48
1878,1878,22
1879,1879,55
1880,1880,14
1881,1881,21
1882,1882,59
1883,1883,22
1884,1884,41
1885,1885,28
1886,1886,34
1887,1887,4
1888,1888,41
1889,1889,51
1890,1890,15
1891,1891,34
1892,1892,52
1893,1893,35
1894,1894,12
1895,1895,29
1896,1896,9
1897,1897,12
1898,1898,0
1899,1899,14
1900,1900,31
1901,1901,14
1902,1902,50
1903,1903,51
1904,1904,1
1905,1905,5
1906,1906,6
1907,1907,18
1908,1908,44
1909,1909,58
1910,1910,59
1911,1911,58
1912,1912,53
1913,1913,10
1914,1914,37
1915,1915,45
1916,1916,24
1917,1917,21
1918,1918,45
1919,1919,46
1920,1920,46
1921,1921,33
1922,1922,38
1923,1923,4
1924,1924,44
1925,1925,15
1926,1926,4
1927,1927,29
1928,1928,51
1929,1929,43
1930,1930,15
1931,1931,40
1932,1932,38
1933,1933,36
1934,1934,53
1935,1935,31
1936,1936,59
1937,1937,7
1938,1938,59
1939,1939,58
1940,1940,24
1941,1941,54
1942,1942,25
1943,1943,29
1944,1944,22
1945,1945,39
1946,1946,18
1947,1947,26
1948,1948,57
1949,1949,36
1950,1950,55
1951,1951,33
1952,1952,58
1953,1953,35
1954,1954,21
1955,1955,41
1956,1956,22
1957,1957,22
1958,1958,50
1959,1959,50
1960,1960,49
1961,1961,50
1962,1962,49
1963,1963,50
1964,1964,22
1965,1965,24
1966,1966,44
1967,1967,10
1968,1968,2
1969,1969,58
1970,1970,2
1971,1971,53
1972,1972,31
1973,1973,4
1974,1974,54
1975,1975,22
1976,1976,46
1977,1977,2
1978,1978,50
1979,1979,48
1980,1980,57
1981,1981,16
1982,1982,26
1983,1983,12
1984,1984,7
1985,1985,8
1986,1986,18
1987,1987,16
1988,1988,9
1989,1989,33
1990,1990,32
1991,1991,24
1992,1992,54
1993,1993,33
1994,1994,15
1995,1995,12
1996,1996,26
1997,1997,17
1998,1998,24
1999,1999,38
2000,2000,24
2001,2001,22
2002,2002,34
2003,2003,45
2004,2004,29
2005,2005,24
2006,2006,18
2007,2007,12
2008,2008,13
2009,2009,35
2010,2010,1
2011,2011,42
2012,2012,4
2013,2013,17
2014,2014,47
2015,2015,14
2016,2016,35
2017,2017,59
2018,2018,15
2019,2019,38
2020,2020,10
2021,2021,23
2022,2022,56
2023,2023,56
2024,2024,49
2025,2025,55
2026,2026,35
2027,2027,50
2028,2028,39
2029,2029,57
2030,2030,46
2031,2031,25
2032,2032,25
2033,2033,23
2034,2034,12
2035,2035,26
2036,2036,34
2037,2037,25
2038,2038,7
2039,2039,27
2040,2040,5
2041,2041,25
2042,2042,52
2043,2043,24
2044,2044,20
2045,2045,14
2046,2046,24
2047,2047,49
2048,2048,59
2049,2049,28
2050,2050,43
2051,2051,28
2052,2052,23
2053,2053,20
2054,2054,56
2055,2055,3
2056,2056,11
2057,2057,56
2058,2058,45
2059,2059,30
2060,2060,25
2061,2061,1
2062,2062,45
2063,2063,40
2064,2064,3
2065,2065,18
2066,2066,17
2067,2067,42
2068,2068,46
2069,2069,5
2070,2070,50
2071,2071,41
2072,2072,56
2073,2073,54
2074,2074,32
2075,2075,41
2076,2076,23
2077,2077,28
2078,2078,55
2079,2079,25
2080,2080,55
2081,2081,4
2082,2082,4
2083,2083,27
2084,2084,26
2085,2085,5
2086,2086,40
2087,2087,37
2088,2088,52
2089,2089,55
2090,2090,27
2091,2091,47
2092,2092,54
2093,2093,3
2094,2094,46
2095,2095,35
2096,2096,35
2097,2097,35
2098,2098,46
2099,2099,30
2100,2100,57
2101,2101,46
2102,2102,15
2103,2103,4
2104,2104,51
2105,2105,58
2106,2106,59
2107,2107,25
2108,2108,18
2109,2109,57
2110,2110,27
2111,2111,11
2112,2112,20
2113,2113,1
2114,2114,22
2115,2115,45
2116,2116,15
2117,2117,34
2118,2118,13
2119,2119,49
2120,2120,43
2121,2121,18
2122,2122,49
2123,2123,56
2124,2124,14
2125,2125,51
2126,2126,6
2127,2127,59
2128,2128,46
2129,2129,42
2130,2130,58
2131,2131,51
2132,2132,31
2133,2133,39
2134,2134,33
2135,2135,9
2136,2136,7
2137,2137,37
2138,2138,39
2139,2139,33
2140,2140,52
2141,2141,58
2142,2142,32
2143,2143,22
2144,2144,36
2145,2145,2
2146,2146,19
2147,2147,32
2148,2148,27
2149,2149,52
2150,2150,24
2151,2151,1
2152,2152,54
2153,2153,34
2154,2154,57
2155,2155,19
2156,2156,37
2157,2157,50
2158,2158,19
2159,2159,37
2160,2160,58
2161,2161,45
2162,2162,37
2163,2163,34
2164,2164,35
2165,2165,41
2166,2166,24
2167,2167,31
2168,2168,7
2169,2169,44
2170,2170,11
2171,2171,50
2172,2172,35
2173,2173,21
2174,2174,43
2175,2175,49
2176,2176,45
2177,2177,6
2178,2178,8
2179,2179,25
2180,2180,31
2181,2181,43
2182,2182,7
2183,2183,56
2184,2184,29
2185,2185,7
2186,2186,36
2187,2187,1
2188,2188,52
2189,2189,19
2190,2190,21
2191,2191,38
2192,2192,47
2193,2193,58
2194,2194,34
2195,2195,47
2196,2196,55
2197,2197,44
2198,2198,57
2199,2199,14
2200,2200,8
2201,2201,24
2202,2202,7
2203,2203,45
2204,2204,50
2205,2205,42
2206,2206,2
2207,2207,37
2208,2208,27
2209,2209,0
2210,2210,5
2211,2211,13
2212,2212,16
2213,2213,46
2214,2214,47
2215,2215,50
2216,2216,43
2217,2217,13
2218,2218,48
2219,2219,12
2220,2220,15
2221,2221,37
2222,2222,38
2223,2223,6
2224,2224,41
2225,2225,34
2226,2226,37
2227,2227,0
2228,2228,3
2229,2229,26
2230,2230,50
2231,2231,23
2232,2232,51
2233,2233,57
2234,2234,31
2235,2235,30
2236,2236,13
2237,2237,5
2238,2238,21
2239,2239,57
2240,2240,2
2241,2241,47
2242,2242,8
2243,2243,10
2244,2244,1
2245,2245,59
2246,2246,43
2247,2247,10
2248,2248,20
2249,2249,29
2250,2250,54
2251,2251,14
2252,2252,42
2253,2253,34
2254,2254,3
2255,2255,59
2256,2256,11
2257,2257,53
2258,2258,15
2259,2259,25
2260,2260,11
2261,2261,57
2262,2262,27
2263,2263,20
2264,2264,7
2265,2265,29
2266,2266,44
2267,2267,55
2268,2268,24
2269,2269,32
2270,2270,0
2271,2271,8
2272,2272,49
2273,2273,21
2274,2274,47
2275,2275,12
2276,2276,43
2277,2277,19
2278,2278,20
2279,2279,8
2280,2280,1
2281,2281,51
2282,2282,3
2283,2283,1
2284,2284,16
2285,2285,7
2286,2286,4
2287,2287,34
2288,2288,7
2289,2289,21
2290,2290,22
2291,2291,41
2292,2292,17
2293,2293,11
2294,2294,29
2295,2295,0
2296,2296,12
2297,2297,5
2298,2298,31
2299,2299,49
2300,2300,21
2301,2301,11
2302,2302,2
2303,2303,5
2304,2304,23
2305,2305,26
2306,2306,4
2307,2307,54
2308,2308,56
2309,2309,18
2310,2310,37
2311,2311,38
2312,2312,8
2313,2313,39
2314,2314,23
2315,2315,40
2316,2316,32
2317,2317,39
2318,2318,14
2319,2319,33
2320,2320,47
2321,2321,9
2322,2322,21
2323,2323,41
2324,2324,56
2325,2325,45
2326,2326,28
2327,2327,33
2328,2328,9
2329,2329,56
2330,2330,31
2331,2331,35
2332,2332,42
2333,2333,51
2334,2334,42
2335,2335,28
2336,2336,8
2337,2337,42
2338,2338,49
2339,2339,5
2340,2340,18
2341,2341,21
2342,2342,58
2343,2343,55
2344,2344,5
2345,2345,41
2346,2346,19
2347,2347,37
2348,2348,7
2349,2349,59
2350,2350,25
2351,2351,10
2352,2352,50
2353,2353,56
2354,2354,36
2355,2355,56
2356,2356,29
2357,2357,16
2358,2358,10
2359,2359,46
2360,2360,3
2361,2361,40
2362,2362,30
2363,2363,10
2364,2364,21
2365,2365,19
2366,2366,11
2367,2367,41
2368,2368,3
2369,2369,1
2370,2370,49
2371,2371,6
2372,2372,23
2373,2373,53
2374,2374,33
2375,2375,29
2376,2376,48
2377,2377,39
2378,2378,5
2379,2379,13
2380,2380,17
2381,2381,7
2382,2382,55
2383,2383,20
2384,2384,32
2385,2385,30
2386,2386,28
2387,2387,57
2388,2388,25
2389,2389,47
2390,2390,0
2391,2391,9
2392,2392,42
2393,2393,13
2394,2394,45
2395,2395,37
2396,2396,12
2397,2397,34
2398,2398,12
2399,2399,44
2400,2400,8
2401,2401,47
2402,2402,2
2403,2403,13
2404,2404,13
2405,2405,42
2406,2406,14
2407,2407,3
2408,2408,16
2409,2409,29
2410,2410,54
2411,2411,7
2412,2412,28
2413,2413,33
2414,2414,19
2415,2415,49
2416,2416,56
2417,2417,21
2418,2418,26
2419,2419,31
2420,2420,14
2421,2421,35
2422,2422,51
2423,2423,29
2424,2424,41
2425,2425,12
2426,2426,57
2427,2427,17
2428,2428,31
2429,2429,13
2430,2430,55
2431,2431,55
2432,2432,19
2433,2433,33
2434,2434,7
2435,2435,14
2436,2436,33
2437,2437,16
2438,2438,7
2439,2439,45
2440,2440,44
2441,2441,17
2442,2442,37
2443,2443,1
2444,2444,56
2445,2445,34
2446,2446,35
2447,2447,37
2448,2448,7
2449,2449,45
2450,2450,28
2451,2451,18
2452,2452,16
2453,2453,25
2454,2454,6
2455,2455,58
2456,2456,45
2457,2457,41
2458,2458,4
2459,2459,50
2460,2460,33
2461,2461,23
2462,2462,2
2463,2463,44
2464,2464,55
2465,2465,19
2466,2466,37
2467,2467,33
2468,2468,37
2469,2469,6
2470,2470,17
2471,2471,30
2472,2472,32
2473,2473,5
2474,2474,21
2475,2475,15
2476,2476,50
2477,2477,6
2478,2478,20
2479,2479,17
2480,2480,20
2481,2481,0
2482,2482,48
2483,2483,45
2484,2484,36
2485,2485,34
2486,2486,24
2487,2487,46
2488,2488,12
2489,2489,21
2490,2490,21
2491,2491,14
2492,2492,50
2493,2493,25
2494,2494,17
2495,2495,26
2496,2496,21
2497,2497,52
2498,2498,43
2499,2499,45
2500,2500,39
2501,2501,22
2502,2502,38
2503,2503,52
2504,2504,17
2505,2505,44
2506,2506,31
2507,2507,11
2508,2508,11
2509,2509,49
2510,2510,22
2511,2511,31
2512,2512,11
2513,2513,14
2514,2514,4
2515,2515,35
2516,2516,19
2517,2517,1
2518,2518,45
2519,2519,46
2520,2520,59
2521,2521,33
2522,2522,55
2523,2523,24
2524,2524,18
2525,2525,35
2526,2526,27
2527,2527,51
2528,2528,31
2529,2529,19
2530,2530,49
2531,2531,3
2532,2532,11
2533,2533,3
2534,2534,40
2535,2535,33
2536,2536,29
2537,2537,44
2538,2538,52
2539,2539,52
2540,2540,15
2541,2541,23
2542,2542,23
2543,2543,13
2544,2544,58
2545,2545,21
2546,2546,9
2547,2547,7
2548,2548,54
2549,2549,23
2550,2550,37
2551,2551,43
2552,2552,41
2553,2553,10
2554,2554,13
2555,2555,41
2556,2556,59
2557,2557,19
2558,2558,45
2559,2559,28
2560,2560,49
2561,2561,56
2562,2562,34
2563,2563,14
2564,2564,54
2565,2565,59
2566,2566,28
2567,2567,46
2568,2568,46
2569,2569,29
2570,2570,45
2571,2571,22
2572,2572,45
2573,2573,6
2574,2574,48
2575,2575,51
2576,2576,24
2577,2577,43
2578,2578,5
2579,2579,43
2580,2580,28
2581,2581,25
2582,2582,35
2583,2583,41
2584,2584,22
2585,2585,39
2586,2586,33
2587,2587,4
2588,2588,47
2589,2589,32
2590,2590,7
2591,2591,12
2592,2592,20
2593,2593,37
2594,2594,18
2595,2595,49
2596,2596,3
2597,2597,45
2598,2598,7
2599,2599,56
2600,2600,23
2601,2601,29
2602,2602,5
2603,2603,27
2604,2604,41
2605,2605,51
2606,2606,1
2607,2607,45
2608,2608,13
2609,2609,40
2610,2610,48
2611,2611,59
2612,2612,12
2613,2613,18
2614,2614,20
2615,2615,42
2616,2616,26
2617,2617,40
2618,2618,23
2619,2619,47
2620,2620,13
2621,2621,16
2622,2622,31
2623,2623,55
2624,2624,33
2625,2625,50
2626,2626,35
2627,2627,25
2628,2628,27
2629,2629,38
2630,2630,0
2631,2631,10
2632,2632,5
2633,2633,12
2634,2634,9
2635,2635,44
2636,2636,47
2637,2637,31
2638,2638,40
2639,2639,6
2640,2640,18
2641,2641,12
2642,2642,7
2643,2643,18
2644,2644,41
2645,2645,22
2646,2646,49
2647,2647,38
2648,2648,44
2649,2649,11
2650,2650,23
2651,2651,36
2652,2652,8
2653,2653,14
2654,2654,19
2655,2655,29
2656,2656,28
2657,2657,51
2658,2658,25
2659,2659,23
2660,2660,47
2661,2661,4
2662,2662,27
2663,2663,23
2664,2664,40
2665,2665,57
2666,2666,8
2667,2667,49
2668,2668,14
2669,2669,0
2670,2670,27
2671,2671,44
2672,2672,35
2673,2673,53
2674,2674,44
2675,2675,51
2676,2676,26
2677,2677,50
2678,2678,23
2679,2679,1
2680,2680,59
2681,2681,4
2682,2682,47
2683,2683,5
2684,2684,45
2685,2685,16
2686,2686,9
2687,2687,12
2688,2688,15
2689,2689,57
2690,2690,23
2691,2691,55
2692,2692,3
2693,2693,9
2694,2694,38
2695,2695,43
2696,2696,43
2697,2697,11
2698,2698,18
2699,2699,22
2700,2700,5
2701,2701,14
2702,2702,52
2703,2703,37
2704,2704,55
2705,2705,13
2706,2706,36
2707,2707,55
2708,2708,0
2709,2709,22
2710,2710,35
2711,2711,10
2712,2712,10
2713,2713,24
2714,2714,38
2715,2715,51
2716,2716,15
2717,2717,14
2718,2718,18
2719,2719,51
2720,2720,46
2721,2721,18
2722,2722,59
2723,2723,42
2724,2724,51
2725,2725,41
2726,2726,12
2727,2727,53
2728,2728,26
2729,2729,7
2730,2730,58
2731,2731,18
2732,2732,43
2733,2733,17
2734,2734,25
2735,2735,3
2736,2736,50
2737,2737,30
2738,2738,5
2739,2739,19
2740,2740,24
2741,2741,57
2742,2742,0
2743,2743,13
2744,2744,26
2745,2745,32
2746,2746,49
2747,2747,23
2748,2748,35
2749,2749,26
2750,2750,21
2751,2751,46
2752,2752,3
2753,2753,35
2754,2754,17
2755,2755,45
2756,2756,46
2757,2757,4
2758,2758,12
2759,2759,0
2760,2760,53
2761,2761,31
2762,2762,29
2763,2763,59
2764,2764,19
2765,2765,17
2766,2766,58
2767,2767,45
2768,2768,37
2769,2769,31
2770,2770,24
2771,2771,22
2772,2772,23
2773,2773,14
2774,2774,35
2775,2775,15
2776,2776,59
2777,2777,54
2778,2778,2
2779,2779,11
2780,2780,12
2781,2781,8
2782,2782,27
2783,2783,35
2784,2784,23
2785,2785,15
2786,2786,58
2787,2787,51
2788,2788,28
2789,2789,27
2790,2790,6
2791,2791,59
2792,2792,33
2793,2793,16
2794,2794,48
2795,2795,23
2796,2796,44
2797,2797,30
2798,2798,42
2799,2799,57
2800,2800,8
2801,2801,10
2802,2802,33
2803,2803,30
2804,2804,25
2805,2805,21
2806,2806,52
2807,2807,21
2808,2808,42
2809,2809,55
2810,2810,18
2811,2811,35
2812,2812,15
2813,2813,20
2814,2814,49
2815,2815,35
2816,2816,16
2817,2817,10
2818,2818,16
2819,2819,10
2820,2820,3
2821,2821,33
2822,2822,40
2823,2823,57
2824,2824,30
2825,2825,57
2826,2826,51
2827,2827,24
2828,2828,41
2829,2829,24
2830,2830,25
2831,2831,59
2832,2832,19
2833,2833,35
2834,2834,56
2835,2835,48
2836,2836,39
2837,2837,6
2838,2838,48
2839,2839,48
2840,2840,18
2841,2841,27
2842,2842,48
2843,2843,13
2844,2844,58
2845,2845,30
2846,2846,11
2847,2847,25
2848,2848,51
2849,2849,25
2850,2850,43
2851,2851,27
2852,2852,55
2853,2853,10
2854,2854,1
2855,2855,19
2856,2856,45
2857,2857,17
2858,2858,58
2859,2859,6
2860,2860,1
2861,2861,44
2862,2862,23
2863,2863,39
2864,2864,2
2865,2865,32
2866,2866,23
2867,2867,21
2868,2868,23
2869,2869,39
2870,2870,53
2871,2871,36
2872,2872,23
2873,2873,56
2874,2874,27
2875,2875,50
2876,2876,34
2877,2877,23
2878,2878,9
2879,2879,27
2880,2880,6
2881,2881,31
2882,2882,57
2883,2883,50
2884,2884,35
2885,2885,38
2886,2886,30
2887,2887,37
2888,2888,16
2889,2889,55
2890,2890,15
2891,2891,33
2892,2892,24
2893,2893,6
2894,2894,9
2895,2895,56
2896,2896,2
2897,2897,7
2898,2898,49
2899,2899,17
2900,2900,27
2901,2901,33
2902,2902,2
2903,2903,32
2904,2904,4
2905,2905,19
2906,2906,42
2907,2907,9
2908,2908,36
2909,2909,53
2910,2910,1
2911,2911,11
2912,2912,48
2913,2913,4
2914,2914,37
2915,2915,15
2916,2916,15
2917,2917,25
2918,2918,51
2919,2919,31
2920,2920,26
2921,2921,33
2922,2922,0
2923,2923,46
2924,2924,41
2925,2925,40
2926,2926,48
2927,2927,43
2928,2928,41
2929,2929,22
2930,2930,20
2931,2931,1
2932,2932,36
2933,2933,28
2934,2934,30
2935,2935,47
2936,2936,40
2937,2937,15
2938,2938,14
2939,2939,9
2940,2940,20
2941,2941,6
2942,2942,23
2943,2943,53
2944,2944,15
2945,2945,15
2946,2946,13
2947,2947,11
2948,2948,36
2949,2949,57
2950,2950,9
2951,2951,54
2952,2952,32
2953,2953,55
2954,2954,36
2955,2955,22
2956,2956,24
2957,2957,29
2958,2958,49
2959,2959,46
2960,2960,51
2961,2961,0
2962,2962,36
2963,2963,6
2964,2964,8
2965,2965,33
2966,2966,52
2967,2967,46
2968,2968,53
2969,2969,11
2970,2970,49
2971,2971,25
2972,2972,30
2973,2973,12
2974,2974,52
2975,2975,14
2976,2976,13
2977,2977,13
2978,2978,42
2979,2979,37
2980,2980,9
2981,2981,53
2982,2982,8
2983,2983,3
2984,2984,56
2985,2985,14
2986,2986,28
2987,2987,18
2988,2988,45
2989,2989,49
2990,2990,32
2991,2991,17
2992,2992,9
2993,2993,15
2994,2994,28
2995,2995,28
2996,2996,20
2997,2997,56
2998,2998,26
2999,2999,23
3000,3000,25
3001,3001,45
3002,3002,10
3003,3003,4
3004,3004,2
3005,3005,31
3006,3006,48
3007,3007,48
3008,3008,17
3009,3009,33
3010,3010,18
3011,3011,5
3012,3012,40
3013,3013,57
3014,3014,49
3015,3015,35
3016,3016,43
3017,3017,42
3018,3018,53
3019,3019,46
3020,3020,56
3021,3021,34
3022,3022,16
3023,3023,12
3024,3024,49
3025,3025,23
3026,3026,23
3027,3027,8
3028,3028,41
3029,3029,16
3030,3030,38
3031,3031,31
3032,3032,18
3033,3033,47
3034,3034,27
3035,3035,41
3036,3036,54
3037,3037,48
3038,3038,15
3039,3039,3
3040,3040,32
3041,3041,39
3042,3042,44
3043,3043,28
3044,3044,23
3045,3045,49
3046,3046,53
3047,3047,53
3048,3048,5
3049,3049,29
3050,3050,3
3051,3051,15
3052,3052,3
3053,3053,33
3054,3054,53
3055,3055,39
3056,3056,0
3057,3057,35
3058,3058,47
3059,3059,13
3060,3060,48
3061,3061,39
3062,3062,44
3063,3063,30
3064,3064,42
3065,3065,19
3066,3066,38
3067,3067,11
3068,3068,33
3069,3069,20
3070,3070,35
3071,3071,58
3072,3072,59
3073,3073,27
3074,3074,32
3075,3075,37
3076,3076,9
3077,3077,35
3078,3078,1
3079,3079,52
3080,3080,17
3081,3081,22
3082,3082,3
3083,3083,50
3084,3084,7
3085,3085,12
3086,3086,21
3087,3087,55
3088,3088,8
3089,3089,2
3090,3090,52
3091,3091,32
3092,3092,8
3093,3093,33
3094,3094,24
3095,3095,59
3096,3096,11
3097,3097,39
3098,3098,17
3099,3099,56
3100,3100,44
3101,3101,1
3102,3102,54
3103,3103,56
3104,3104,36
3105,3105,55
3106,3106,53
3107,3107,30
3108,3108,55
3109,3109,50
3110,3110,11
3111,3111,57
3112,3112,21
3113,3113,12
3114,3114,57
3115,3115,23
3116,3116,20
3117,3117,23
3118,3118,40
3119,3119,6
3120,3120,54
3121,3121,58
3122,3122,29
3123,3123,16
3124,3124,17
3125,3125,13
3126,3126,30
3127,3127,25
3128,3128,53
3129,3129,33
3130,3130,30
3131,3131,45
3132,3132,11
3133,3133,12
3134,3134,22
3135,3135,14
3136,3136,45
3137,3137,59
3138,3138,5
3139,3139,7
3140,3140,41
3141,3141,50
3142,3142,28
3143,3143,55
3144,3144,44
3145,3145,9
3146,3146,12
3147,3147,32
3148,3148,43
3149,3149,11
3150,3150,14
3151,3151,2
3152,3152,59
3153,3153,14
3154,3154,53
3155,3155,46
3156,3156,41
3157,3157,41
3158,3158,34
3159,3159,46
3160,3160,12
3161,3161,47
3162,3162,51
3163,3163,2
3164,3164,28
3165,3165,30
3166,3166,27
3167,3167,53
3168,3168,25
3169,3169,17
3170,3170,20
3171,3171,28
3172,3172,10
3173,3173,23
3174,3174,21
3175,3175,19
3176,3176,34
3177,3177,32
3178,3178,37
3179,3179,4
3180,3180,43
3181,3181,1
3182,3182,10
3183,3183,31
3184,3184,19
3185,3185,59
3186,3186,35
3187,3187,58
3188,3188,13
3189,3189,20
3190,3190,11
3191,3191,47
3192,3192,10
3193,3193,59
3194,3194,59
3195,3195,22
3196,3196,21
3197,3197,52
3198,3198,7
3199,3199,11
3200,3200,32
3201,3201,10
3202,3202,59
3203,3203,16
3204,3204,26
3205,3205,48
3206,3206,43
3207,3207,42
3208,3208,3
3209,3209,34
3210,3210,45
3211,3211,46
3212,3212,41
3213,3213,52
3214,3214,28
3215,3215,20
3216,3216,27
3217,3217,43
3218,3218,12
3219,3219,13
3220,3220,14
3221,3221,36
3222,3222,12
3223,3223,56
3224,3224,10
3225,3225,39
3226,3226,10
3227,3227,26
3228,3228,23
3229,3229,0
3230,3230,11
3231,3231,34
3232,3232,1
3233,3233,31
3234,3234,37
3235,3235,38
3236,3236,2
3237,3237,39
3238,3238,6
3239,3239,2
3240,3240,53
3241,3241,56
3242,3242,5
3243,3243,38
3244,3244,30
3245,3245,53
3246,3246,26
3247,3247,41
3248,3248,0
3249,3249,23
3250,3250,5
3251,3251,53
3252,3252,36
3253,3253,7
3254,3254,44
3255,3255,18
3256,3256,52
3257,3257,32
3258,3258,46
3259,3259,25
3260,3260,13
3261,3261,32
3262,3262,27
3263,3263,3
3264,3264,46
3265,3265,20
3266,3266,9
3267,3267,43
3268,3268,1
3269,3269,35
3270,3270,7
3271,3271,37
3272,3272,1
3273,3273,34
3274,3274,53
3275,3275,14
3276,3276,56
3277,3277,25
3278,3278,47
3279,3279,54
3280,3280,50
3281,3281,2
3282,3282,54
3283,3283,4
3284,3284,28
3285,3285,13
3286,3286,32
3287,3287,7
3288,3288,43
3289,3289,52
3290,3290,52
3291,3291,7
3292,3292,27
3293,3293,27
3294,3294,3
3295,3295,59
3296,3296,38
3297,3297,50
3298,3298,22
3299,3299,19
3300,3300,19
3301,3301,11
3302,3302,37
3303,3303,17
3304,3304,17
3305,3305,24
3306,3306,25
3307,3307,6
3308,3308,42
3309,3309,20
3310,3310,46
3311,3311,50
3312,3312,2
3313,3313,12
3314,3314,23
3315,3315,5
3316,3316,11
3317,3317,6
3318,3318,49
3319,3319,44
3320,3320,33
3321,3321,19
3322,3322,6
3323,3323,27
3324,3324,22
3325,3325,0
3326,3326,47
3327,3327,31
3328,3328,17
3329,3329,0
3330,3330,3
3331,3331,6
3332,3332,9
3333,3333,30
3334,3334,59
3335,3335,3
3336,3336,36
3337,3337,58
3338,3338,9
3339,3339,26
3340,3340,0
3341,3341,43
3342,3342,57
3343,3343,33
3344,3344,55
3345,3345,43
3346,3346,42
3347,3347,9
3348,3348,0
3349,3349,14
3350,3350,13
3351,3351,54
3352,3352,0
3353,3353,27
3354,3354,32
3355,3355,57
3356,3356,41
3357,3357,46
3358,3358,31
3359,3359,15
3360,3360,43
3361,3361,51
3362,3362,4
3363,3363,25
3364,3364,25
3365,3365,38
3366,3366,12
3367,3367,33
3368,3368,47
3369,3369,22
3370,3370,6
3371,3371,36
3372,3372,17
3373,3373,48
3374,3374,43
3375,3375,43
3376,3376,16
3377,3377,44
3378,3378,23
3379,3379,8
3380,3380,34
3381,3381,5
3382,3382,39
3383,3383,37
3384,3384,42
3385,3385,23
3386,3386,48
3387,3387,4
3388,3388,46
3389,3389,19
3390,3390,53
3391,3391,31
3392,3392,59
3393,3393,5
3394,3394,7
3395,3395,37
3396,3396,48
3397,3397,42
3398,3398,7
3399,3399,39
3400,3400,50
3401,3401,0
3402,3402,18
3403,3403,43
3404,3404,16
3405,3405,51
3406,3406,38
3407,3407,39
3408,3408,27
3409,3409,8
3410,3410,56
3411,3411,50
3412,3412,34
3413,3413,19
3414,3414,37
3415,3415,16
3416,3416,28
3417,3417,24
3418,3418,21
3419,3419,9
3420,3420,26
3421,3421,27
3422,3422,45
3423,3423,53
3424,3424,51
3425,3425,35
3426,3426,52
3427,3427,46
3428,3428,7
3429,3429,44
3430,3430,19
3431,3431,19
3432,3432,4
3433,3433,52
3434,3434,35
3435,3435,44
3436,3436,34
3437,3437,45
3438,3438,45
3439,3439,42
3440,3440,7
3441,3441,16
3442,3442,1
3443,3443,42
3444,3444,59
3445,3445,43
3446,3446,11
3447,3447,20
3448,3448,44
3449,3449,19
3450,3450,47
3451,3451,51
3452,3452,27
3453,3453,45
3454,3454,6
3455,3455,27
3456,3456,36
3457,3457,40
3458,3458,22
3459,3459,33
3460,3460,13
3461,3461,44
3462,3462,47
3463,3463,27
3464,3464,42
3465,3465,45
3466,3466,54
3467,3467,23
3468,3468,24
3469,3469,46
3470,3470,13
3471,3471,51
3472,3472,16
3473,3473,5
3474,3474,52
3475,3475,21
3476,3476,40
3477,3477,23
3478,3478,44
3479,3479,51
3480,3480,19
3481,3481,54
3482,3482,27
3483,3483,16
3484,3484,8
3485,3485,33
3486,3486,56
3487,3487,16
3488,3488,7
3489,3489,37
3490,3490,34
3491,3491,37
3492,3492,49
3493,3493,15
3494,3494,43
3495,3495,14
3496,3496,15
3497,3497,37
3498,3498,53
3499,3499,19
3500,3500,26
3501,3501,34
3502,3502,43
3503,3503,9
3504,3504,57
3505,3505,33
3506,3506,4
3507,3507,48
3508,3508,41
3509,3509,16
3510,3510,57
3511,3511,36
3512,3512,33
3513,3513,12
3514,3514,41
3515,3515,32
3516,3516,4
3517,3517,32
3518,3518,42
3519,3519,32
3520,3520,2
3521,3521,30
3522,3522,18
3523,3523,40
3524,3524,22
3525,3525,5
3526,3526,11
3527,3527,15
3528,3528,9
3529,3529,16
3530,3530,5
3531,3531,34
3532,3532,43
3533,3533,27
3534,3534,10
3535,3535,41
3536,3536,16
3537,3537,25
3538,3538,17
3539,3539,55
3540,3540,16
3541,3541,40
3542,3542,41
3543,3543,25
3544,3544,10
3545,3545,41
3546,3546,39
3547,3547,33
3548,3548,26
3549,3549,13
3550,3550,3
3551,3551,35
3552,3552,29
3553,3553,20
3554,3554,5
3555,3555,50
3556,3556,2
3557,3557,18
3558,3558,31
3559,3559,46
3560,3560,27
3561,3561,46
3562,3562,15
3563,3563,52
3564,3564,51
3565,3565,13
3566,3566,9
3567,3567,13
3568,3568,31
3569,3569,18
3570,3570,57
3571,3571,12
3572,3572,1
3573,3573,25
3574,3574,56
3575,3575,27
3576,3576,38
3577,3577,57
3578,3578,11
3579,3579,26
3580,3580,56
3581,3581,45
3582,3582,4
3583,3583,26
3584,3584,29
3585,3585,0
3586,3586,56
3587,3587,4
3588,3588,50
3589,3589,5
3590,3590,15
3591,3591,18
3592,3592,0
3593,3593,39
3594,3594,41
3595,3595,51
3596,3596,45
3597,3597,21
3598,3598,56
3599,3599,59
3600,3600,27
3601,3601,17
3602,3602,38
3603,3603,39
3604,3604,41
3605,3605,7
3606,3606,5
3607,3607,39
3608,3608,28
3609,3609,52
3610,3610,20
3611,3611,29
3612,3612,58
3613,3613,8
3614,3614,49
3615,3615,59
3616,3616,40
3617,3617,46
3618,3618,32
3619,3619,45
3620,3620,46
3621,3621,20
3622,3622,46
3623,3623,46
3624,3624,1
3625,3625,58
3626,3626,12
3627,3627,44
3628,3628,2
3629,3629,57
3630,3630,38
3631,3631,8
3632,3632,15
3633,3633,21
3634,3634,45
3635,3635,15
3636,3636,37
3637,3637,36
3638,3638,50
3639,3639,5
3640,3640,36
3641,3641,6
3642,3642,28
3643,3643,51
3644,3644,26
3645,3645,43
3646,3646,37
3647,3647,13
3648,3648,15
3649,3649,28
3650,3650,56
3651,3651,55
3652,3652,48
3653,3653,1
3654,3654,21
3655,3655,45
3656,3656,17
3657,3657,46
3658,3658,1
3659,3659,0
3660,3660,54
3661,3661,42
3662,3662,16
3663,3663,32
3664,3664,46
3665,3665,10
3666,3666,23
3667,3667,13
3668,3668,27
3669,3669,13
3670,3670,57
3671,3671,28
3672,3672,1
3673,3673,50
3674,3674,23
3675,3675,4
3676,3676,5
3677,3677,51
3678,3678,55
3679,3679,9
3680,3680,35
3681,3681,24
3682,3682,29
3683,3683,36
3684,3684,9
3685,3685,52
3686,3686,6
3687,3687,46
3688,3688,24
3689,3689,42
3690,3690,3
3691,3691,25
3692,3692,52
3693,3693,44
3694,3694,25
3695,3695,47
3696,3696,57
3697,3697,57
3698,3698,37
3699,3699,0
3700,3700,29
3701,3701,26
3702,3702,8
3703,3703,35
3704,3704,33
3705,3705,24
3706,3706,39
3707,3707,56
3708,3708,13
3709,3709,7
3710,3710,2
3711,3711,28
3712,3712,29
3713,3713,26
3714,3714,23
3715,3715,28
3716,3716,28
3717,3717,14
3718,3718,26
3719,3719,4
3720,3720,18
3721,3721,42
3722,3722,8
3723,3723,16
3724,3724,23
3725,3725,8
3726,3726,12
3727,3727,21
3728,3728,36
3729,3729,38
3730,3730,38
3731,3731,18
3732,3732,56
3733,3733,35
3734,3734,9
3735,3735,15
3736,3736,26
3737,3737,29
3738,3738,58
3739,3739,6
3740,3740,6
3741,3741,55
3742,3742,46
3743,3743,42
3744,3744,7
3745,3745,20
3746,3746,15
3747,3747,49
3748,3748,28
3749,3749,47
3750,3750,24
3751,3751,6
3752,3752,11
3753,3753,21
3754,3754,23
3755,3755,26
3756,3756,42
3757,3757,15
3758,3758,47
3759,3759,4
3760,3760,3
3761,3761,43
3762,3762,4
3763,3763,22
3764,3764,31
3765,3765,34
3766,3766,3
3767,3767,42
3768,3768,20
3769,3769,17
3770,3770,0
3771,3771,13
3772,3772,12
3773,3773,45
3774,3774,54
3775,3775,7
3776,3776,58
3777,3777,52
3778,3778,27
3779,3779,16
3780,3780,45
3781,3781,6
3782,3782,14
3783,3783,30
3784,3784,58
3785,3785,55
3786,3786,21
3787,3787,47
3788,3788,36
3789,3789,54
3790,3790,16
3791,3791,24
3792,3792,34
3793,3793,39
3794,3794,17
3795,3795,7
3796,3796,26
3797,3797,15
3798,3798,50
3799,3799,43
3800,3800,15
3801,3801,24
3802,3802,53
3803,3803,58
3804,3804,56
3805,3805,43
3806,3806,2
3807,3807,9
3808,3808,56
3809,3809,26
3810,3810,36
3811,3811,58
3812,3812,22
3813,3813,22
3814,3814,39
3815,3815,9
3816,3816,5
3817,3817,24
3818,3818,47
3819,3819,22
3820,3820,17
3821,3821,21
3822,3822,37
3823,3823,43
3824,3824,25
3825,3825,48
3826,3826,38
3827,3827,26
3828,3828,54
3829,3829,33
3830,3830,12
3831,3831,27
3832,3832,44
3833,3833,22
3834,3834,34
3835,3835,39
3836,3836,29
3837,3837,4
3838,3838,36
3839,3839,32
3840,3840,18
3841,3841,13
3842,3842,3
3843,3843,36
3844,3844,20
3845,3845,36
3846,3846,37
3847,3847,41
3848,3848,0
3849,3849,34
3850,3850,47
3851,3851,50
3852,3852,54
3853,3853,1
3854,3854,52
3855,3855,26
3856,3856,31
3857,3857,40
3858,3858,21
3859,3859,28
3860,3860,46
3861,3861,19
3862,3862,53
3863,3863,20
3864,3864,8
3865,3865,19
3866,3866,12
3867,3867,12
3868,3868,32
3869,3869,0
3870,3870,46
3871,3871,1
3872,3872,34
3873,3873,39
3874,3874,37
3875,3875,47
3876,3876,49
3877,3877,44
3878,3878,22
3879,3879,7
3880,3880,47
3881,3881,47
3882,3882,54
3883,3883,2
3884,3884,41
3885,3885,29
3886,3886,24
3887,3887,3
3888,3888,28
3889,3889,51
3890,3890,49
3891,3891,41
3892,3892,23
3893,3893,25
3894,3894,56
3895,3895,33
3896,3896,17
3897,3897,29
3898,3898,55
3899,3899,10
3900,3900,27
3901,3901,0
3902,3902,10
3903,3903,37
3904,3904,33
3905,3905,39
3906,3906,40
3907,3907,20
3908,3908,20
3909,3909,37
3910,3910,3
3911,3911,6
3912,3912,48
3913,3913,9
3914,3914,0
3915,3915,40
3916,3916,3
3917,3917,28
3918,3918,5
3919,3919,36
3920,3920,24
3921,3921,29
3922,3922,55
3923,3923,25
3924,3924,48
3925,3925,7
3926,3926,11
3927,3927,15
3928,3928,49
3929,3929,21
3930,3930,4
3931,3931,55
3932,3932,9
3933,3933,53
3934,3934,43
3935,3935,41
3936,3936,31
3937,3937,53
3938,3938,4
3939,3939,54
3940,3940,4
3941,3941,19
3942,3942,41
3943,3943,39
3944,3944,14
3945,3945,7
3946,3946,11
3947,3947,38
3948,3948,56
3949,3949,2
3950,3950,38
3951,3951,29
3952,3952,23
3953,3953,4
3954,3954,17
3955,3955,46
3956,3956,58
3957,3957,5
3958,3958,23
3959,3959,58
3960,3960,54
3961,3961,3
3962,3962,48
3963,3963,38
3964,3964,18
3965,3965,47
3966,3966,20
3967,3967,13
3968,3968,4
3969,3969,27
3970,3970,10
3971,3971,17
3972,3972,3
3973,3973,37
3974,3974,9
3975,3975,53
3976,3976,6
3977,3977,17
3978,3978,3
3979,3979,13
3980,3980,53
3981,3981,12
3982,3982,8
3983,3983,52
3984,3984,7
3985,3985,8
3986,3986,1
3987,3987,10
3988,3988,42
3989,3989,34
3990,3990,14
3991,3991,44
3992,3992,50
3993,3993,47
3994,3994,57
3995,3995,3
3996,3996,28
3997,3997,36
3998,3998,41
3999,3999,47
4000,4000,54
4001,4001,32
4002,4002,13
4003,4003,11
4004,4004,58
4005,4005,54
4006,4006,34
4007,4007,44
4008,4008,24
4009,4009,20
4010,4010,19
4011,4011,6
4012,4012,7
4013,4013,5
4014,4014,56
4015,4015,58
4016,4016,41
4017,4017,37
4018,4018,16
4019,4019,38
4020,4020,8
4021,4021,25
4022,4022,18
4023,4023,28
4024,4024,48
4025,4025,55
4026,4026,22
4027,4027,14
4028,4028,49
4029,4029,7
4030,4030,8
4031,4031,39
4032,4032,29
4033,4033,50
4034,4034,22
4035,4035,34
4036,4036,3
4037,4037,19
4038,4038,55
4039,4039,38
4040,4040,29
4041,4041,8
4042,4042,28
4043,4043,38
4044,4044,27
4045,4045,39
4046,4046,47
4047,4047,30
4048,4048,0
4049,4049,51
4050,4050,27
4051,4051,6
4052,4052,2
4053,4053,30
4054,4054,51
4055,4055,4
4056,4056,40
4057,4057,56
4058,4058,57
4059,4059,5
4060,4060,35
4061,4061,22
4062,4062,25
4063,4063,11
4064,4064,12
4065,4065,11
4066,4066,21
4067,4067,6
4068,4068,25
4069,4069,24
4070,4070,18
4071,4071,31
4072,4072,22
4073,4073,36
4074,4074,41
4075,4075,15
4076,4076,28
4077,4077,19
4078,4078,11
4079,4079,8
4080,4080,44
4081,4081,15
4082,4082,18
4083,4083,29
4084,4084,8
4085,4085,25
4086,4086,16
4087,4087,16
4088,4088,53
4089,4089,4
4090,4090,19
4091,4091,46
4092,4092,57
4093,4093,48
4094,4094,15
4095,4095,8
4096,4096,55
4097,4097,55
4098,4098,47
4099,4099,24
4100,4100,9
4101,4101,9
4102,4102,38
4103,4103,26
4104,4104,32
4105,4105,4
4106,4106,47
4107,4107,44
4108,4108,14
4109,4109,13
4110,4110,45
4111,4111,53
4112,4112,43
4113,4113,46
4114,4114,7
4115,4115,25
4116,4116,0
4117,4117,10
4118,4118,34
4119,4119,45
4120,4120,3
4121,4121,50
4122,4122,34
4123,4123,18
4124,4124,27
4125,4125,47
4126,4126,38
4127,4127,44
4128,4128,42
4129,4129,56
4130,4130,57
4131,4131,58
4132,4132,23
4133,4133,33
4134,4134,2
4135,4135,16
4136,4136,13
4137,4137,56
4138,4138,53
4139,4139,27
4140,4140,15
4141,4141,49
4142,4142,1
4143,4143,22
4144,4144,55
4145,4145,29
4146,4146,31
4147,4147,54
4148,4148,24
4149,4149,50
4150,4150,44
4151,4151,25
4152,4152,14
4153,4153,28
4154,4154,37
4155,4155,40
4156,4156,22
4157,4157,12
4158,4158,6
4159,4159,20
4160,4160,6
4161,4161,31
4162,4162,1
4163,4163,10
4164,4164,16
4165,4165,29
4166,4166,14
4167,4167,21
4168,4168,6
4169,4169,49
4170,4170,40
4171,4171,59
4172,4172,34
4173,4173,48
4174,4174,39
4175,4175,12
4176,4176,18
4177,4177,12
4178,4178,52
4179,4179,18
4180,4180,11
4181,4181,36
4182,4182,54
4183,4183,39
4184,4184,14
4185,4185,57
4186,4186,59
4187,4187,51
4188,4188,47
4189,4189,4
4190,4190,53
4191,4191,18
4192,4192,17
4193,4193,31
4194,4194,0
4195,4195,42
4196,4196,29
4197,4197,1
4198,4198,17
4199,4199,54
4200,4200,50
4201,4201,24
4202,4202,6
4203,4203,24
4204,4204,6
4205,4205,26
4206,4206,6
4207,4207,47
4208,4208,42
4209,4209,18
4210,4210,37
4211,4211,13
4212,4212,21
4213,4213,12
4214,4214,58
4215,4215,46
4216,4216,34
4217,4217,6
4218,4218,34
4219,4219,29
4220,4220,33
4221,4221,14
4222,4222,36
4223,4223,45
4224,4224,54
4225,4225,32
4226,4226,7
4227,4227,2
4228,4228,0
4229,4229,42
4230,4230,38
4231,4231,3
4232,4232,36
4233,4233,12
4234,4234,54
4235,4235,11
4236,4236,10
4237,4237,22
4238,4238,14
4239,4239,9
4240,4240,59
4241,4241,29
4242,4242,33
4243,4243,53
4244,4244,17
4245,4245,38
4246,4246,57
4247,4247,17
4248,4248,39
4249,4249,59
4250,4250,2
4251,4251,59
4252,4252,29
4253,4253,10
4254,4254,5
4255,4255,49
4256,4256,48
4257,4257,57
4258,4258,27
4259,4259,13
4260,4260,18
4261,4261,35
4262,4262,51
4263,4263,23
4264,4264,31
4265,4265,2
4266,4266,36
4267,4267,11
4268,4268,10
4269,4269,8
4270,4270,5
4271,4271,54
4272,4272,53
4273,4273,51
4274,4274,48
4275,4275,58
4276,4276,38
4277,4277,20
4278,4278,42
4279,4279,44
4280,4280,34
4281,4281,1
4282,4282,56
4283,4283,52
4284,4284,46
4285,4285,18
4286,4286,36
4287,4287,48
4288,4288,21
4289,4289,18
4290,4290,54
4291,4291,51
4292,4292,29
4293,4293,2
4294,4294,44
4295,4295,39
4296,4296,40
4297,4297,44
4298,4298,9
4299,4299,50
4300,4300,56
4301,4301,52
4302,4302,47
4303,4303,48
4304,4304,45
4305,4305,48
4306,4306,7
4307,4307,41
4308,4308,43
4309,4309,18
4310,4310,55
4311,4311,47
4312,4312,24
4313,4313,54
4314,4314,19
4315,4315,8
4316,4316,0
4317,4317,5
4318,4318,32
4319,4319,29
4320,4320,55
4321,4321,59
4322,4322,40
4323,4323,40
4324,4324,5
4325,4325,50
4326,4326,18
4327,4327,43
4328,4328,6
4329,4329,18
4330,4330,0
4331,4331,38
4332,4332,16
4333,4333,28
4334,4334,7
4335,4335,59
4336,4336,3
4337,4337,25
4338,4338,38
4339,4339,46
4340,4340,22
4341,4341,4
4342,4342,34
4343,4343,33
4344,4344,18
4345,4345,27
4346,4346,34
4347,4347,16
4348,4348,42
4349,4349,9
4350,4350,51
4351,4351,50
4352,4352,49
4353,4353,7
4354,4354,30
4355,4355,31
4356,4356,36
4357,4357,15
4358,4358,29
4359,4359,2
4360,4360,41
4361,4361,26
4362,4362,35
4363,4363,31
4364,4364,57
4365,4365,37
4366,4366,23
4367,4367,42
4368,4368,46
4369,4369,26
4370,4370,57
4371,4371,55
4372,4372,26
4373,4373,20
4374,4374,51
4375,4375,58
4376,4376,11
4377,4377,5
4378,4378,27
4379,4379,37
4380,4380,31
4381,4381,30
4382,4382,10
4383,4383,2
4384,4384,59
4385,4385,47
4386,4386,12
4387,4387,27
4388,4388,34
4389,4389,8
4390,4390,53
4391,4391,43
4392,4392,31
4393,4393,39
4394,4394,55
4395,4395,0
4396,4396,39
4397,4397,46
4398,4398,8
4399,4399,38
4400,4400,54
4401,4401,30
4402,4402,56
4403,4403,17
4404,4404,29
4405,4405,0
4406,4406,24
4407,4407,21
4408,4408,32
4409,4409,56
4410,4410,2
4411,4411,49
4412,4412,50
4413,4413,1
4414,4414,56
4415,4415,43
4416,4416,34
4417,4417,50
4418,4418,58
4419,4419,59
4420,4420,53
4421,4421,36
4422,4422,40
4423,4423,3
4424,4424,59
4425,4425,22
4426,4426,52
4427,4427,45
4428,4428,38
4429,4429,14
4430,4430,50
4431,4431,48
4432,4432,18
4433,4433,9
4434,4434,32
4435,4435,30
4436,4436,4
4437,4437,34
4438,4438,45
4439,4439,52
4440,4440,18
4441,4441,19
4442,4442,37
4443,4443,37
4444,4444,46
4445,4445,28
4446,4446,49
4447,4447,51
4448,4448,18
4449,4449,6
4450,4450,18
4451,4451,36
4452,4452,50
4453,4453,45
4454,4454,49
4455,4455,35
4456,4456,15
4457,4457,42
4458,4458,33
4459,4459,23
4460,4460,52
4461,4461,15
4462,4462,41
4463,4463,36
4464,4464,12
4465,4465,30
4466,4466,44
4467,4467,7
4468,4468,36
4469,4469,36
4470,4470,41
4471,4471,57
4472,4472,19
4473,4473,10
4474,4474,3
4475,4475,10
4476,4476,9
4477,4477,41
4478,4478,55
4479,4479,56
4480,4480,52
4481,4481,48
4482,4482,16
4483,4483,53
4484,4484,6
4485,4485,31
4486,4486,33
4487,4487,49
4488,4488,40
4489,4489,14
4490,4490,42
4491,4491,53
4492,4492,41
4493,4493,0
4494,4494,2
4495,4495,44
4496,4496,31
4497,4497,53
4498,4498,13
4499,4499,46
4500,4500,39
4501,4501,44
4502,4502,46
4503,4503,54
4504,4504,12
4505,4505,0
4506,4506,53
4507,4507,28
4508,4508,19
4509,4509,49
4510,4510,56
4511,4511,48
4512,4512,48
4513,4513,42
4514,4514,13
4515,4515,20
4516,4516,6
4517,4517,35
4518,4518,17
4519,4519,40
4520,4520,28
4521,4521,21
4522,4522,46
4523,4523,59
4524,4524,9
4525,4525,18
4526,4526,51
4527,4527,32
4528,4528,36
4529,4529,12
4530,4530,55
4531,4531,44
4532,4532,39
4533,4533,25
4534,4534,41
4535,4535,16
4536,4536,30
4537,4537,17
4538,4538,13
4539,4539,31
4540,4540,59
4541,4541,0
4542,4542,3
4543,4543,7
4544,4544,26
4545,4545,40
4546,4546,20
4547,4547,15
4548,4548,45
4549,4549,11
4550,4550,58
4551,4551,35
4552,4552,48
4553,4553,46
4554,4554,52
4555,4555,29
4556,4556,40
4557,4557,49
4558,4558,26
4559,4559,7
4560,4560,59
4561,4561,50
4562,4562,17
4563,4563,22
4564,4564,6
4565,4565,48
4566,4566,55
4567,4567,33
4568,4568,16
4569,4569,34
4570,4570,10
4571,4571,52
4572,4572,16
4573,4573,31
4574,4574,0
4575,4575,8
4576,4576,9
4577,4577,55
4578,4578,48
4579,4579,49
4580,4580,23
4581,4581,48
4582,4582,7
4583,4583,47
4584,4584,13
4585,4585,30
4586,4586,19
4587,4587,51
4588,4588,58
4589,4589,11
4590,4590,28
4591,4591,50
4592,4592,11
4593,4593,51
4594,4594,58
4595,4595,45
4596,4596,50
4597,4597,16
4598,4598,17
4599,4599,54
4600,4600,59
4601,4601,29
4602,4602,21
4603,4603,34
4604,4604,35
4605,4605,34
4606,4606,53
4607,4607,18
4608,4608,21
4609,4609,4
4610,4610,43
4611,4611,14
4612,4612,23
4613,4613,0
4614,4614,42
4615,4615,26
4616,4616,18
4617,4617,48
4618,4618,26
4619,4619,35
4620,4620,4
4621,4621,8
4622,4622,10
4623,4623,13
4624,4624,17
4625,4625,33
4626,4626,45
4627,4627,11
4628,4628,43
4629,4629,23
4630,4630,58
4631,4631,13
4632,4632,12
4633,4633,44
4634,4634,16
4635,4635,50
4636,4636,40
4637,4637,37
4638,4638,18
4639,4639,18
4640,4640,45
4641,4641,50
4642,4642,32
4643,4643,51
4644,4644,11
4645,4645,32
4646,4646,23
4647,4647,8
4648,4648,14
4649,4649,30
4650,4650,50
4651,4651,54
4652,4652,17
4653,4653,32
4654,4654,40
4655,4655,57
4656,4656,11
4657,4657,14
4658,4658,51
4659,4659,24
4660,4660,21
4661,4661,59
4662,4662,20
4663,4663,41
4664,4664,4
4665,4665,38
4666,4666,53
4667,4667,23
4668,4668,37
4669,4669,22
4670,4670,6
4671,4671,19
4672,4672,2
4673,4673,57
4674,4674,53
4675,4675,21
4676,4676,15
4677,4677,12
4678,4678,1
4679,4679,44
4680,4680,0
4681,4681,34
4682,4682,26
4683,4683,2
4684,4684,31
4685,4685,1
4686,4686,17
4687,4687,35
4688,4688,20
4689,4689,20
4690,4690,7
4691,4691,37
4692,4692,28
4693,4693,44
4694,4694,52
4695,4695,57
4696,4696,44
4697,4697,11
4698,4698,28
4699,4699,48
4700,4700,7
4701,4701,35
4702,4702,22
4703,4703,58
4704,4704,23
4705,4705,34
4706,4706,13
4707,4707,8
4708,4708,32
4709,4709,47
4710,4710,2
4711,4711,49
4712,4712,29
4713,4713,26
4714,4714,48
4715,4715,1
4716,4716,57
4717,4717,2
4718,4718,29
4719,4719,41
4720,4720,17
4721,4721,0
4722,4722,22
4723,4723,40
4724,4724,22
4725,4725,26
4726,4726,58
4727,4727,49
4728,4728,8
4729,4729,53
4730,4730,2
4731,4731,29
4732,4732,32
4733,4733,6
4734,4734,56
4735,4735,57
4736,4736,53
4737,4737,56
4738,4738,12
4739,4739,16
4740,4740,35
4741,4741,35
4742,4742,3
4743,4743,37
4744,4744,22
4745,4745,47
4746,4746,44
4747,4747,14
4748,4748,0
4749,4749,25
4750,4750,48
4751,4751,36
4752,4752,10
4753,4753,13
4754,4754,48
4755,4755,32
4756,4756,47
4757,4757,31
4758,4758,23
4759,4759,50
4760,4760,14
4761,4761,44
4762,4762,18
4763,4763,34
4764,4764,33
4765,4765,54
4766,4766,13
4767,4767,11
4768,4768,50
4769,4769,24
4770,4770,57
4771,4771,48
4772,4772,11
4773,4773,56
4774,4774,14
4775,4775,15
4776,4776,38
4777,4777,49
4778,4778,8
4779,4779,55
4780,4780,48
4781,4781,56
4782,4782,59
4783,4783,40
4784,4784,33
4785,4785,7
4786,4786,37
4787,4787,14
4788,4788,11
4789,4789,25
4790,4790,6
4791,4791,52
4792,4792,33
4793,4793,3
4794,4794,51
4795,4795,18
4796,4796,12
4797,4797,21
4798,4798,16
4799,4799,32
4800,4800,47
4801,4801,48
4802,4802,10
4803,4803,44
4804,4804,59
4805,4805,40
4806,4806,47
4807,4807,52
4808,4808,28
4809,4809,18
4810,4810,57
4811,4811,54
4812,4812,44
4813,4813,24
4814,4814,16
4815,4815,27
4816,4816,40
4817,4817,28
4818,4818,9
4819,4819,2
4820,4820,33
4821,4821,34
4822,4822,22
4823,4823,57
4824,4824,41
4825,4825,35
4826,4826,24
4827,4827,49
4828,4828,30
4829,4829,19
4830,4830,2
4831,4831,47
4832,4832,0
4833,4833,40
4834,4834,35
4835,4835,20
4836,4836,33
4837,4837,54
4838,4838,45
4839,4839,40
4840,4840,10
4841,4841,49
4842,4842,39
4843,4843,10
4844,4844,57
4845,4845,16
4846,4846,13
4847,4847,24
4848,4848,55
4849,4849,16
4850,4850,44
4851,4851,41
4852,4852,26
4853,4853,36
4854,4854,16
4855,4855,47
4856,4856,52
4857,4857,39
4858,4858,17
4859,4859,40
4860,4860,5
4861,4861,39
4862,4862,51
4863,4863,37
4864,4864,47
4865,4865,43
4866,4866,25
4867,4867,5
4868,4868,39
4869,4869,40
4870,4870,51
4871,4871,57
4872,4872,11
4873,4873,57
4874,4874,16
4875,4875,36
4876,4876,43
4877,4877,37
4878,4878,28
4879,4879,3
4880,4880,3
4881,4881,43
4882,4882,50
4883,4883,9
4884,4884,23
4885,4885,4
4886,4886,21
4887,4887,25
4888,4888,42
4889,4889,9
4890,4890,25
4891,4891,48
4892,4892,31
4893,4893,25
4894,4894,10
4895,4895,32
4896,4896,1
4897,4897,8
4898,4898,20
4899,4899,36
4900,4900,33
4901,4901,33
4902,4902,50
4903,4903,53
4904,4904,39
4905,4905,23
4906,4906,30
4907,4907,38
4908,4908,33
4909,4909,51
4910,4910,48
4911,4911,16
4912,4912,0
4913,4913,34
4914,4914,46
4915,4915,32
4916,4916,49
4917,4917,1
4918,4918,21
4919,4919,40
4920,4920,22
4921,4921,41
4922,4922,39
4923,4923,38
4924,4924,3
4925,4925,31
4926,4926,31
4927,4927,41
4928,4928,40
4929,4929,30
4930,4930,29
4931,4931,16
4932,4932,48
4933,4933,3
4934,4934,37
4935,4935,22
4936,4936,59
4937,4937,31
4938,4938,30
4939,4939,9
4940,4940,4
4941,4941,52
4942,4942,11
4943,4943,25
4944,4944,35
4945,4945,47
4946,4946,59
4947,4947,5
4948,4948,19
4949,4949,14
4950,4950,58
4951,4951,44
4952,4952,19
4953,4953,6
4954,4954,45
4955,4955,28
4956,4956,37
4957,4957,27
4958,4958,49
4959,4959,9
4960,4960,6
4961,4961,9
4962,4962,36
4963,4963,30
4964,4964,14
4965,4965,5
4966,4966,2
4967,4967,37
4968,4968,52
4969,4969,1
4970,4970,17
4971,4971,1
4972,4972,17
4973,4973,51
4974,4974,23
4975,4975,4
4976,4976,5
4977,4977,16
4978,4978,46
4979,4979,20
4980,4980,21
4981,4981,20
4982,4982,48
4983,4983,17
4984,4984,27
4985,4985,55
4986,4986,3
4987,4987,22
4988,4988,39
4989,4989,28
4990,4990,7
4991,4991,16
4992,4992,8
4993,4993,32
4994,4994,43
4995,4995,29
4996,4996,0
4997,4997,54
4998,4998,1
4999,4999,28
5000,5000,52
5001,5001,56
5002,5002,8
5003,5003,41
5004,5004,3
5005,5005,34
5006,5006,7
5007,5007,26
5008,5008,42
5009,5009,45
5010,5010,57
5011,5011,53
5012,5012,56
5013,5013,57
5014,5014,6
5015,5015,15
5016,5016,32
5017,5017,39
5018,5018,35
5019,5019,6
5020,5020,19
5021,5021,11
5022,5022,4
5023,5023,9
5024,5024,36
5025,5025,4
5026,5026,5
5027,5027,49
5028,5028,33
5029,5029,22
5030,5030,36
5031,5031,31
5032,5032,10
5033,5033,41
5034,5034,15
5035,5035,34
5036,5036,27
5037,5037,53
5038,5038,43
5039,5039,59
5040,5040,4
5041,5041,39
5042,5042,33
5043,5043,18
5044,5044,20
5045,5045,49
5046,5046,28
5047,5047,24
5048,5048,6
5049,5049,16
5050,5050,11
5051,5051,43
5052,5052,8
5053,5053,8
5054,5054,13
5055,5055,29
5056,5056,32
5057,5057,39
5058,5058,50
5059,5059,59
5060,5060,26
5061,5061,40
5062,5062,38
5063,5063,28
5064,5064,56
5065,5065,6
5066,5066,47
5067,5067,24
5068,5068,51
5069,5069,25
5070,5070,0
5071,5071,42
5072,5072,35
5073,5073,27
5074,5074,39
5075,5075,31
5076,5076,42
5077,5077,35
5078,5078,21
5079,5079,16
5080,5080,2
5081,5081,33
5082,5082,54
5083,5083,10
5084,5084,52
5085,5085,22
5086,5086,31
5087,5087,39
5088,5088,4
5089,5089,25
5090,5090,58
5091,5091,17
5092,5092,0
5093,5093,27
5094,5094,32
5095,5095,50
5096,5096,11
5097,5097,0
5098,5098,22
5099,5099,54
5100,5100,31
5101,5101,47
5102,5102,8
5103,5103,34
5104,5104,10
5105,5105,9
5106,5106,9
5107,5107,20
5108,5108,21
5109,5109,18
5110,5110,15
5111,5111,0
5112,5112,18
5113,5113,45
5114,5114,52
5115,5115,41
5116,5116,34
5117,5117,4
5118,5118,40
5119,5119,47
5120,5120,7
5121,5121,37
5122,5122,31
5123,5123,51
5124,5124,30
5125,5125,34
5126,5126,7
5127,5127,46
5128,5128,1
5129,5129,0
5130,5130,2
5131,5131,30
5132,5132,52
5133,5133,31
5134,5134,3
5135,5135,1
5136,5136,13
5137,5137,30
5138,5138,24
5139,5139,38
5140,5140,54
5141,5141,47
5142,5142,3
5143,5143,26
5144,5144,28
5145,5145,13
5146,5146,44
5147,5147,49
5148,5148,21
5149,5149,13
5150,5150,42
5151,5151,30
5152,5152,40
5153,5153,52
5154,5154,11
5155,5155,14
5156,5156,12
5157,5157,54
5158,5158,4
5159,5159,45
5160,5160,27
5161,5161,17
5162,5162,46
5163,5163,21
5164,5164,51
5165,5165,8
5166,5166,55
5167,5167,32
5168,5168,11
5169,5169,54
5170,5170,11
5171,5171,45
5172,5172,44
5173,5173,49
5174,5174,1
5175,5175,20
5176,5176,43
5177,5177,13
5178,5178,27
5179,5179,2
5180,5180,16
5181,5181,36
5182,5182,43
5183,5183,23
5184,5184,29
5185,5185,58
5186,5186,6
5187,5187,7
5188,5188,36
5189,5189,47
5190,5190,25
5191,5191,30
5192,5192,0
5193,5193,35
5194,5194,22
5195,5195,11
5196,5196,58
5197,5197,16
5198,5198,53
5199,5199,3
5200,5200,27
5201,5201,44
5202,5202,17
5203,5203,58
5204,5204,26
5205,5205,50
5206,5206,50
5207,5207,2
5208,5208,27
5209,5209,40
5210,5210,19
5211,5211,57
5212,5212,53
5213,5213,20
5214,5214,5
5215,5215,3
5216,5216,11
5217,5217,50
5218,5218,40
5219,5219,30
5220,5220,58
5221,5221,20
5222,5222,14
5223,5223,34
5224,5224,30
5225,5225,24
5226,5226,47
5227,5227,14
5228,5228,25
5229,5229,30
5230,5230,59
5231,5231,37
5232,5232,58
5233,5233,58
5234,5234,27
5235,5235,11
5236,5236,22
5237,5237,20
5238,5238,4
5239,5239,2
5240,5240,33
5241,5241,27
5242,5242,26
5243,5243,8
5244,5244,35
5245,5245,48
5246,5246,16
5247,5247,36
5248,5248,27
5249,5249,42
5250,5250,1
5251,5251,46
5252,5252,36
5253,5253,41
5254,5254,7
5255,5255,5
5256,5256,15
5257,5257,52
5258,5258,22
5259,5259,44
5260,5260,29
5261,5261,1
5262,5262,56
5263,5263,47
5264,5264,29
5265,5265,11
5266,5266,23
5267,5267,59
5268,5268,32
5269,5269,26
5270,5270,45
5271,5271,3
5272,5272,5
5273,5273,57
5274,5274,34
5275,5275,46
5276,5276,57
5277,5277,29
5278,5278,41
5279,5279,29
5280,5280,3
5281,5281,34
5282,5282,59
5283,5283,16
5284,5284,48
5285,5285,5
5286,5286,34
5287,5287,38
5288,5288,48
5289,5289,19
5290,5290,59
5291,5291,57
5292,5292,34
5293,5293,46
5294,5294,33
5295,5295,44
5296,5296,38
5297,5297,7
5298,5298,42
5299,5299,40
5300,5300,16
5301,5301,53
5302,5302,35
5303,5303,57
5304,5304,53
5305,5305,36
5306,5306,3
5307,5307,29
5308,5308,32
5309,5309,49
5310,5310,42
5311,5311,28
5312,5312,38
5313,5313,38
5314,5314,7
5315,5315,32
5316,5316,17
5317,5317,31
5318,5318,2
5319,5319,28
5320,5320,12
5321,5321,54
5322,5322,47
5323,5323,0
5324,5324,54
5325,5325,30
5326,5326,32
5327,5327,40
5328,5328,8
5329,5329,53
5330,5330,56
5331,5331,16
5332,5332,9
5333,5333,56
5334,5334,14
5335,5335,48
5336,5336,30
5337,5337,37
5338,5338,38
5339,5339,5
5340,5340,26
5341,5341,50
5342,5342,31
5343,5343,44
5344,5344,49
5345,5345,42
5346,5346,20
5347,5347,43
5348,5348,24
5349,5349,44
5350,5350,46
5351,5351,48
5352,5352,36
5353,5353,48
5354,5354,55
5355,5355,56
5356,5356,16
5357,5357,0
5358,5358,28
5359,5359,22
5360,5360,15
5361,5361,46
5362,5362,28
5363,5363,43
5364,5364,56
5365,5365,14
5366,5366,51
5367,5367,21
5368,5368,14
5369,5369,24
5370,5370,14
5371,5371,52
5372,5372,57
5373,5373,48
5374,5374,59
5375,5375,54
5376,5376,42
5377,5377,31
5378,5378,32
5379,5379,41
5380,5380,15
5381,5381,57
5382,5382,21
5383,5383,10
5384,5384,4
5385,5385,42
5386,5386,45
5387,5387,41
5388,5388,53
5389,5389,47
5390,5390,10
5391,5391,58
5392,5392,49
5393,5393,52
5394,5394,32
5395,5395,36
5396,5396,14
5397,5397,26
5398,5398,46
5399,5399,54
5400,5400,10
5401,5401,10
5402,5402,2
5403,5403,17
5404,5404,2
5405,5405,8
5406,5406,26
5407,5407,14
5408,5408,44
5409,5409,0
5410,5410,44
5411,5411,13
5412,5412,24
5413,5413,14
5414,5414,18
5415,5415,0
5416,5416,43
5417,5417,59
5418,5418,51
5419,5419,25
5420,5420,55
5421,5421,39
5422,5422,48
5423,5423,2
5424,5424,21
5425,5425,53
5426,5426,29
5427,5427,28
5428,5428,4
5429,5429,18
5430,5430,54
5431,5431,37
5432,5432,21
5433,5433,20
5434,5434,1
5435,5435,8
5436,5436,37
5437,5437,14
5438,5438,50
5439,5439,0
5440,5440,21
5441,5441,14
5442,5442,56
5443,5443,51
5444,5444,9
5445,5445,46
5446,5446,47
5447,5447,1
5448,5448,40
5449,5449,4
5450,5450,3
5451,5451,0
5452,5452,52
5453,5453,58
5454,5454,8
5455,5455,45
5456,5456,54
5457,5457,37
5458,5458,33
5459,5459,4
5460,5460,15
5461,5461,15
5462,5462,2
5463,5463,44
5464,5464,18
5465,5465,6
5466,5466,2
5467,5467,12
5468,5468,4
5469,5469,33
5470,5470,36
5471,5471,26
5472,5472,19
5473,5473,57
5474,5474,11
5475,5475,16
5476,5476,8
5477,5477,49
5478,5478,32
5479,5479,44
5480,5480,44
5481,5481,50
5482,5482,18
5483,5483,41
5484,5484,9
5485,5485,46
5486,5486,7
5487,5487,55
5488,5488,0
5489,5489,58
5490,5490,39
5491,5491,51
5492,5492,47
5493,5493,30
5494,5494,53
5495,5495,27
5496,5496,36
5497,5497,1
5498,5498,16
5499,5499,16
5500,5500,33
5501,5501,32
5502,5502,6
5503,5503,55
5504,5504,12
5505,5505,22
5506,5506,3
5507,5507,51
5508,5508,14
5509,5509,15
5510,5510,25
5511,5511,39
5512,5512,25
5513,5513,35
5514,5514,41
5515,5515,52
5516,5516,21
5517,5517,46
5518,5518,47
5519,5519,32
5520,5520,1
5521,5521,57
5522,5522,54
5523,5523,56
5524,5524,55
5525,5525,1
5526,5526,14
5527,5527,53
5528,5528,45
5529,5529,28
5530,5530,30
5531,5531,53
5532,5532,23
5533,5533,25
5534,5534,24
5535,5535,22
5536,5536,34
5537,5537,32
5538,5538,52
5539,5539,56
5540,5540,52
5541,5541,50
5542,5542,58
5543,5543,28
5544,5544,27
5545,5545,40
5546,5546,6
5547,5547,6
5548,5548,43
5549,5549,30
5550,5550,52
5551,5551,7
5552,5552,47
5553,5553,39
5554,5554,21
5555,5555,55
5556,5556,40
5557,5557,24
5558,5558,43
5559,5559,58
5560,5560,58
5561,5561,16
5562,5562,2
5563,5563,29
5564,5564,21
5565,5565,54
5566,5566,52
5567,5567,10
5568,5568,44
5569,5569,43
5570,5570,39
5571,5571,7
5572,5572,58
5573,5573,17
5574,5574,33
5575,5575,45
5576,5576,23
5577,5577,59
5578,5578,3
5579,5579,14
5580,5580,13
5581,5581,46
5582,5582,37
5583,5583,10
5584,5584,23
5585,5585,6
5586,5586,40
5587,5587,22
5588,5588,1
5589,5589,53
5590,5590,57
5591,5591,52
5592,5592,3
5593,5593,36
5594,5594,57
5595,5595,25
5596,5596,4
5597,5597,27
5598,5598,46
5599,5599,57
5600,5600,7
5601,5601,41
5602,5602,54
5603,5603,58
5604,5604,18
5605,5605,52
5606,5606,6
5607,5607,28
5608,5608,34
5609,5609,15
5610,5610,49
5611,5611,53
5612,5612,1
5613,5613,25
5614,5614,11
5615,5615,42
5616,5616,3
5617,5617,58
5618,5618,9
5619,5619,30
5620,5620,43
5621,5621,6
5622,5622,10
5623,5623,25
5624,5624,15
5625,5625,14
5626,5626,34
5627,5627,54
5628,5628,49
5629,5629,26
5630,5630,4
5631,5631,1
5632,5632,2
5633,5633,23
5634,5634,59
5635,5635,5
5636,5636,46
5637,5637,53
5638,5638,2
5639,5639,36
5640,5640,14
5641,5641,19
5642,5642,37
5643,5643,40
5644,5644,42
5645,5645,53
5646,5646,44
5647,5647,26
5648,5648,19
5649,5649,43
5650,5650,25
5651,5651,21
5652,5652,9
5653,5653,14
5654,5654,0
5655,5655,22
5656,5656,46
5657,5657,42
5658,5658,10
5659,5659,49
5660,5660,5
5661,5661,35
5662,5662,27
5663,5663,35
5664,5664,26
5665,5665,21
5666,5666,39
5667,5667,18
5668,5668,3
5669,5669,54
5670,5670,7
5671,5671,31
5672,5672,53
5673,5673,31
5674,5674,6
5675,5675,5
5676,5676,22
5677,5677,57
5678,5678,31
5679,5679,10
5680,5680,54
5681,5681,55
5682,5682,34
5683,5683,2
5684,5684,37
5685,5685,3
5686,5686,36
5687,5687,11
5688,5688,38
5689,5689,55
5690,5690,46
5691,5691,56
5692,5692,42
5693,5693,36
5694,5694,2
5695,5695,25
5696,5696,58
5697,5697,0
5698,5698,21
5699,5699,35
5700,5700,52
5701,5701,8
5702,5702,49
5703,5703,32
5704,5704,57
5705,5705,50
5706,5706,3
5707,5707,27
5708,5708,47
5709,5709,19
5710,5710,2
5711,5711,42
5712,5712,52
5713,5713,25
5714,5714,6
5715,5715,33
5716,5716,47
5717,5717,17
5718,5718,50
5719,5719,14
5720,5720,12
5721,5721,47
5722,5722,7
5723,5723,16
5724,5724,9
5725,5725,52
5726,5726,42
5727,5727,59
5728,5728,58
5729,5729,24
5730,5730,10
5731,5731,26
5732,5732,29
5733,5733,42
5734,5734,38
5735,5735,45
5736,5736,17
5737,5737,51
5738,5738,17
5739,5739,34
5740,5740,52
5741,5741,57
5742,5742,19
5743,5743,14
5744,5744,48
5745,5745,14
5746,5746,57
5747,5747,9
5748,5748,2
5749,5749,26
5750,5750,8
5751,5751,29
5752,5752,17
5753,5753,20
5754,5754,52
5755,5755,51
5756,5756,13
5757,5757,29
5758,5758,8
5759,5759,27
5760,5760,4
5761,5761,11
5762,5762,9
5763,5763,55
5764,5764,10
5765,5765,48
5766,5766,57
5767,5767,47
5768,5768,53
5769,5769,58
5770,5770,41
5771,5771,6
5772,5772,41
5773,5773,5
5774,5774,41
5775,5775,29
5776,5776,55
5777,5777,22
5778,5778,35
5779,5779,45
5780,5780,24
5781,5781,2
5782,5782,6
5783,5783,0
5784,5784,57
5785,5785,30
5786,5786,5
5787,5787,29
5788,5788,15
5789,5789,42
5790,5790,35
5791,5791,14
5792,5792,56
5793,5793,15
5794,5794,15
5795,5795,1
5796,5796,37
5797,5797,26
5798,5798,56
5799,5799,27
5800,5800,59
5801,5801,21
5802,5802,36
5803,5803,19
5804,5804,47
5805,5805,44
5806,5806,16
5807,5807,46
5808,5808,20
5809,5809,40
5810,5810,21
5811,5811,13
5812,5812,18
5813,5813,15
5814,5814,38
5815,5815,25
5816,5816,42
5817,5817,31
5818,5818,57
5819,5819,40
5820,5820,40
5821,5821,35
5822,5822,10
5823,5823,37
5824,5824,22
5825,5825,41
5826,5826,9
5827,5827,43
5828,5828,54
5829,5829,55
5830,5830,32
5831,5831,42
5832,5832,45
5833,5833,49
5834,5834,50
5835,5835,35
5836,5836,0
5837,5837,55
5838,5838,8
5839,5839,46
5840,5840,21
5841,5841,35
5842,5842,23
5843,5843,33
5844,5844,38
5845,5845,28
5846,5846,18
5847,5847,59
5848,5848,0
5849,5849,49
5850,5850,40
5851,5851,20
5852,5852,15
5853,5853,45
5854,5854,8
5855,5855,20
5856,5856,49
5857,5857,59
5858,5858,13
5859,5859,42
5860,5860,40
5861,5861,40
5862,5862,21
5863,5863,56
5864,5864,12
5865,5865,14
5866,5866,19
5867,5867,30
5868,5868,4
5869,5869,6
5870,5870,54
5871,5871,4
5872,5872,39
5873,5873,1
5874,5874,6
5875,5875,40
5876,5876,54
5877,5877,9
5878,5878,18
5879,5879,44
5880,5880,45
5881,5881,34
5882,5882,7
5883,5883,38
5884,5884,18
5885,5885,55
5886,5886,17
5887,5887,55
5888,5888,1
5889,5889,17
5890,5890,44
5891,5891,12
5892,5892,23
5893,5893,5
5894,5894,1
5895,5895,24
5896,5896,22
5897,5897,49
5898,5898,21
5899,5899,45
5900,5900,52
5901,5901,3
5902,5902,44
5903,5903,20
5904,5904,27
5905,5905,6
5906,5906,54
5907,5907,27
5908,5908,1
5909,5909,27
5910,5910,6
5911,5911,55
5912,5912,26
5913,5913,55
5914,5914,19
5915,5915,32
5916,5916,58
5917,5917,3
5918,5918,1
5919,5919,38
5920,5920,59
5921,5921,8
5922,5922,37
5923,5923,39
5924,5924,37
5925,5925,5
5926,5926,28
5927,5927,27
5928,5928,5
5929,5929,49
5930,5930,23
5931,5931,6
5932,5932,45
5933,5933,41
5934,5934,5
5935,5935,10
5936,5936,5
5937,5937,20
5938,5938,49
5939,5939,9
5940,5940,31
5941,5941,24
5942,5942,58
5943,5943,38
5944,5944,1
5945,5945,3
5946,5946,28
5947,5947,21
5948,5948,4
5949,5949,26
5950,5950,26
5951,5951,12
5952,5952,9
5953,5953,57
5954,5954,6
5955,5955,25
5956,5956,7
5957,5957,40
5958,5958,27
5959,5959,15
5960,5960,38
5961,5961,1
5962,5962,15
5963,5963,11
5964,5964,36
5965,5965,19
5966,5966,43
5967,5967,4
5968,5968,29
5969,5969,37
5970,5970,2
5971,5971,39
5972,5972,9
5973,5973,48
5974,5974,32
5975,5975,51
5976,5976,19
5977,5977,2
5978,5978,30
5979,5979,33
5980,5980,2
5981,5981,50
5982,5982,43
5983,5983,57
5984,5984,6
5985,5985,51
5986,5986,15
5987,5987,12
5988,5988,15
5989,5989,57
5990,5990,29
5991,5991,24
5992,5992,17
5993,5993,11
5994,5994,6
5995,5995,29
5996,5996,2
5997,5997,28
5998,5998,29
5999,5999,52
